Date,Open,High,Low,Close,Currency
2015-01-01,2.1972,2.2107,2.194,2.2092,XCD
2015-01-02,2.2007,2.2102,2.1392,2.1679,XCD
2015-01-05,2.1563,2.1913,2.1339,2.1662,XCD
2015-01-06,2.1579,2.1978,2.1345,2.187,XCD
2015-01-07,2.1741,2.189,2.13,2.1855,XCD
2015-01-08,2.1727,2.1994,2.1511,2.1973,XCD
2015-01-09,2.1848,2.2283,2.1797,2.2193,XCD
2015-01-12,2.2061,2.2328,2.1867,2.2065,XCD
2015-01-13,2.1937,2.2175,2.1856,2.2089,XCD
2015-01-14,2.1961,2.2162,2.1698,2.2047,XCD
2015-01-15,2.1918,2.2443,2.187,2.2217,XCD
2015-01-16,2.2093,2.2341,2.1967,2.2256,XCD
2015-01-19,2.2109,2.2298,2.2039,2.2212,XCD
2015-01-20,2.2088,2.2235,2.1942,2.2102,XCD
2015-01-21,2.1977,2.2273,2.1719,2.1871,XCD
2015-01-22,2.1743,2.201,2.1501,2.1709,XCD
2015-01-23,2.159,2.1782,2.1195,2.1391,XCD
2015-01-26,2.1227,2.1464,2.1117,2.1437,XCD
2015-01-27,2.1316,2.1582,2.1259,2.147,XCD
2015-01-28,2.1351,2.1712,2.1197,2.1338,XCD
2015-01-29,2.1219,2.1387,2.0759,2.0992,XCD
2015-01-30,2.0877,2.1097,2.0788,2.1014,XCD
2015-02-02,2.0796,2.118,2.0775,2.1107,XCD
2015-02-03,2.0985,2.1228,2.0506,2.108,XCD
2015-02-04,2.0958,2.1237,2.0821,2.097,XCD
2015-02-05,2.0853,2.1174,2.0799,2.1094,XCD
2015-02-06,2.0971,2.1315,2.075,2.109,XCD
2015-02-09,2.0893,2.1206,2.0834,2.1107,XCD
2015-02-10,2.0974,2.1174,2.0834,2.1058,XCD
2015-02-11,2.0974,2.1111,2.0689,2.088,XCD
2015-02-12,2.0756,2.1045,2.0554,2.0924,XCD
2015-02-13,2.081,2.1078,2.0769,2.1014,XCD
2015-02-16,2.088,2.1096,2.0839,2.1026,XCD
2015-02-17,2.0904,2.1246,2.0834,2.1146,XCD
2015-02-18,2.1028,2.1203,2.0899,2.113,XCD
2015-02-19,2.1009,2.1216,2.0861,2.1079,XCD
2015-02-20,2.0955,2.1235,2.0942,2.1216,XCD
2015-02-23,2.11,2.1231,2.0923,2.1105,XCD
2015-02-24,2.0974,2.1286,2.081,2.1186,XCD
2015-02-25,2.1065,2.1383,2.1036,2.1332,XCD
2015-02-26,2.1211,2.1403,2.0928,2.1099,XCD
2015-02-27,2.0974,2.1197,2.0912,2.113,XCD
2015-03-02,2.1082,2.122,2.0856,2.1008,XCD
2015-03-03,2.0893,2.1227,2.0842,2.1141,XCD
2015-03-04,2.102,2.1272,2.0971,2.1145,XCD
2015-03-05,2.1025,2.1213,2.0848,2.1052,XCD
2015-03-06,2.0931,2.124,2.0718,2.0877,XCD
2015-03-09,2.0713,2.0938,2.0662,2.0833,XCD
2015-03-10,2.0716,2.085,2.0449,2.0627,XCD
2015-03-11,2.0495,2.0682,2.0331,2.0545,XCD
2015-03-12,2.0414,2.0909,2.0363,2.085,XCD
2015-03-13,2.0726,2.0871,2.046,2.0658,XCD
2015-03-16,2.0527,2.0778,2.046,2.0667,XCD
2015-03-17,2.0546,2.0736,2.0449,2.0607,XCD
2015-03-18,2.049,2.126,2.0412,2.1059,XCD
2015-03-19,2.0984,2.113,2.0466,2.069,XCD
2015-03-20,2.0565,2.1126,2.0546,2.1031,XCD
2015-03-23,2.0917,2.1397,2.0877,2.1318,XCD
2015-03-24,2.1186,2.1476,2.1079,2.1306,XCD
2015-03-25,2.1181,2.1388,2.1049,2.1221,XCD
2015-03-26,2.1084,2.1331,2.0977,2.1175,XCD
2015-03-27,2.1047,2.1211,2.0815,2.0969,XCD
2015-03-30,2.0829,2.0991,2.0525,2.0705,XCD
2015-03-31,2.0576,2.0734,2.0412,2.0575,XCD
2015-04-01,2.0455,2.0734,2.0388,2.0556,XCD
2015-04-02,2.0436,2.0592,2.0256,2.0535,XCD
2015-04-03,2.0417,2.0807,2.0358,2.0643,XCD
2015-04-06,2.0471,2.0743,2.0382,2.0534,XCD
2015-04-07,2.0412,2.0861,2.0374,2.0648,XCD
2015-04-08,2.0525,2.0925,2.0514,2.0782,XCD
2015-04-09,2.0662,2.0934,2.0595,2.0811,XCD
2015-04-10,2.0678,2.0906,2.0538,2.0786,XCD
2015-04-13,2.0648,2.077,2.031,2.053,XCD
2015-04-14,2.0414,2.0691,2.0312,2.0627,XCD
2015-04-15,2.0506,2.0831,2.0358,2.0777,XCD
2015-04-16,2.0659,2.1167,2.0627,2.1109,XCD
2015-04-17,2.099,2.1228,2.0861,2.1034,XCD
2015-04-20,2.1052,2.1214,2.0718,2.0897,XCD
2015-04-21,2.0764,2.0979,2.0659,2.0854,XCD
2015-04-22,2.0732,2.1128,2.0716,2.0977,XCD
2015-04-23,2.0856,2.1076,2.0735,2.1041,XCD
2015-04-24,2.0909,2.1223,2.088,2.1147,XCD
2015-04-27,2.103,2.1307,2.0955,2.1296,XCD
2015-04-28,2.1211,2.172,2.1106,2.1706,XCD
2015-04-29,2.1579,2.1846,2.1447,2.1663,XCD
2015-04-30,2.1528,2.1703,2.1143,2.1383,XCD
2015-05-01,2.1256,2.1421,2.0985,2.1239,XCD
2015-05-04,2.1063,2.1243,2.0982,2.12,XCD
2015-05-05,2.1076,2.1524,2.0969,2.1484,XCD
2015-05-06,2.1359,2.1726,2.1291,2.1556,XCD
2015-05-07,2.1434,2.1658,2.1213,2.1388,XCD
2015-05-08,2.1259,2.1567,2.1141,2.146,XCD
2015-05-11,2.1372,2.1508,2.1178,2.1344,XCD
2015-05-12,2.1221,2.1649,2.1203,2.1574,XCD
2015-05-13,2.1442,2.1979,2.1388,2.1944,XCD
2015-05-14,2.1816,2.2084,2.1679,2.1858,XCD
2015-05-15,2.1719,2.1893,2.1501,2.1732,XCD
2015-05-18,2.1582,2.1791,2.1445,2.161,XCD
2015-05-19,2.1488,2.1669,2.1259,2.1407,XCD
2015-05-20,2.1289,2.1467,2.1135,2.1298,XCD
2015-05-21,2.117,2.1408,2.1146,2.1355,XCD
2015-05-22,2.1232,2.1458,2.0993,2.1179,XCD
2015-05-25,2.1038,2.1211,2.0985,2.1165,XCD
2015-05-26,2.103,2.1208,2.0775,2.0926,XCD
2015-05-27,2.0804,2.1031,2.0683,2.0904,XCD
2015-05-28,2.0783,2.0995,2.0484,2.069,XCD
2015-05-29,2.056,2.0799,2.0517,2.0669,XCD
2015-06-01,2.0541,2.0748,2.0431,2.0573,XCD
2015-06-02,2.0455,2.1081,2.0439,2.1025,XCD
2015-06-03,2.0907,2.1151,2.0842,2.1063,XCD
2015-06-04,2.0931,2.1069,2.0608,2.08,XCD
2015-06-05,2.067,2.0904,2.0433,2.0638,XCD
2015-06-08,2.0482,2.0932,2.0447,2.0833,XCD
2015-06-09,2.071,2.0886,2.056,2.0803,XCD
2015-06-10,2.0678,2.1066,2.0535,2.0991,XCD
2015-06-11,2.088,2.1082,2.0691,2.0978,XCD
2015-06-12,2.085,2.1027,2.0646,2.0913,XCD
2015-06-15,2.0826,2.1048,2.0716,2.1006,XCD
2015-06-16,2.0885,2.1055,2.0764,2.0968,XCD
2015-06-17,2.0848,2.1026,2.0557,2.0958,XCD
2015-06-18,2.0831,2.1235,2.0735,2.1095,XCD
2015-06-19,2.0971,2.113,2.0804,2.1019,XCD
2015-06-22,2.0872,2.1094,2.0759,2.0905,XCD
2015-06-23,2.0783,2.0972,2.0651,2.0926,XCD
2015-06-24,2.0794,2.1029,2.0659,2.0838,XCD
2015-06-25,2.0708,2.098,2.0694,2.0929,XCD
2015-06-26,2.0807,2.0943,2.0517,2.0709,XCD
2015-06-29,2.0511,2.0877,2.0401,2.0772,XCD
2015-06-30,2.0654,2.0905,2.0597,2.0852,XCD
2015-07-01,2.0718,2.0933,2.0535,2.0754,XCD
2015-07-02,2.0625,2.0783,2.0409,2.0644,XCD
2015-07-03,2.0527,2.0691,2.0188,2.0315,XCD
2015-07-06,2.011,2.0389,2.0035,2.0289,XCD
2015-07-07,2.0162,2.0294,1.989,2.0159,XCD
2015-07-08,2.0032,2.0181,1.982,2.0095,XCD
2015-07-09,1.9968,2.0276,1.9879,2.0144,XCD
2015-07-10,2.0022,2.0301,1.9919,2.0141,XCD
2015-07-13,1.9954,2.0206,1.9852,2.0036,XCD
2015-07-14,1.9911,2.024,1.9866,2.0156,XCD
2015-07-15,2.0043,2.0261,1.9774,1.9958,XCD
2015-07-16,1.9844,2.0129,1.9763,2.0029,XCD
2015-07-17,1.9909,2.007,1.9812,1.9941,XCD
2015-07-20,1.9825,2.0039,1.9707,1.9941,XCD
2015-07-21,1.9812,2.0168,1.9739,2.007,XCD
2015-07-22,1.9941,2.0124,1.9793,1.9949,XCD
2015-07-23,1.9823,2.0076,1.9761,1.99,XCD
2015-07-24,1.9766,1.9917,1.9521,1.9699,XCD
2015-07-27,1.9575,1.9818,1.9529,1.9667,XCD
2015-07-28,1.9551,1.9875,1.9513,1.9848,XCD
2015-07-29,1.9723,1.9893,1.9578,1.9735,XCD
2015-07-30,1.9618,1.9812,1.9508,1.9726,XCD
2015-07-31,1.961,1.9927,1.9454,1.976,XCD
2015-08-03,1.964,1.9809,1.9521,1.971,XCD
2015-08-04,1.9586,2.0095,1.9532,1.9962,XCD
2015-08-05,1.9847,2.0008,1.9723,1.9898,XCD
2015-08-06,1.979,1.9992,1.9672,1.9871,XCD
2015-08-07,1.9747,2.0075,1.972,2.0067,XCD
2015-08-10,1.9919,2.0084,1.9772,2.0053,XCD
2015-08-11,1.993,2.0128,1.9581,1.9758,XCD
2015-08-12,1.9642,1.9992,1.9411,1.996,XCD
2015-08-13,1.9839,2.0052,1.9693,1.9909,XCD
2015-08-14,1.9796,2.0014,1.9777,1.9939,XCD
2015-08-17,1.9833,2.0,1.9745,1.9939,XCD
2015-08-18,1.9812,1.9986,1.9683,1.9855,XCD
2015-08-19,1.9739,1.9958,1.9661,1.9878,XCD
2015-08-20,1.9755,1.9945,1.9589,1.9848,XCD
2015-08-21,1.9731,1.9914,1.9597,1.9805,XCD
2015-08-24,1.9656,1.9781,1.8967,1.9364,XCD
2015-08-25,1.9242,1.9613,1.915,1.9283,XCD
2015-08-26,1.9169,1.9362,1.901,1.9265,XCD
2015-08-27,1.9155,1.9428,1.9088,1.9385,XCD
2015-08-28,1.9279,1.9494,1.9147,1.9403,XCD
2015-08-31,1.9263,1.9406,1.9043,1.9242,XCD
2015-09-01,1.9129,1.9358,1.8854,1.8986,XCD
2015-09-02,1.887,1.9075,1.8776,1.904,XCD
2015-09-03,1.8924,1.9109,1.8803,1.8982,XCD
2015-09-04,1.8868,1.8995,1.8564,1.8684,XCD
2015-09-07,1.8607,1.8805,1.8542,1.8732,XCD
2015-09-08,1.862,1.9048,1.8607,1.8981,XCD
2015-09-09,1.886,1.9133,1.8833,1.8986,XCD
2015-09-10,1.8857,1.9209,1.8677,1.9131,XCD
2015-09-11,1.901,1.9253,1.8919,1.9183,XCD
2015-09-14,1.904,1.9385,1.8991,1.9271,XCD
2015-09-15,1.9124,1.9384,1.9051,1.9319,XCD
2015-09-16,1.9204,1.9549,1.9153,1.9469,XCD
2015-09-17,1.936,1.9688,1.9188,1.9406,XCD
2015-09-18,1.9279,1.9696,1.9252,1.9446,XCD
2015-09-21,1.9312,1.9469,1.9147,1.9289,XCD
2015-09-22,1.9169,1.9371,1.8973,1.918,XCD
2015-09-23,1.9061,1.9192,1.8787,1.9015,XCD
2015-09-24,1.8903,1.9069,1.8658,1.9002,XCD
2015-09-25,1.8881,1.9061,1.8762,1.8998,XCD
2015-09-28,1.8878,1.9034,1.8763,1.8906,XCD
2015-09-29,1.8798,1.9034,1.8652,1.8898,XCD
2015-09-30,1.8776,1.9044,1.8711,1.8988,XCD
2015-10-01,1.8881,1.9169,1.8814,1.9013,XCD
2015-10-02,1.8895,1.913,1.883,1.9065,XCD
2015-10-05,1.8935,1.9239,1.8927,1.9161,XCD
2015-10-06,1.9051,1.9417,1.901,1.9384,XCD
2015-10-07,1.9271,1.9649,1.9225,1.9425,XCD
2015-10-08,1.9307,1.9738,1.9266,1.9638,XCD
2015-10-09,1.9516,1.9905,1.9484,1.9842,XCD
2015-10-12,1.9702,1.9976,1.9645,1.9914,XCD
2015-10-13,1.9801,1.9922,1.9473,1.9594,XCD
2015-10-14,1.9489,1.9804,1.9355,1.9747,XCD
2015-10-15,1.9629,1.9923,1.954,1.9897,XCD
2015-10-16,1.9783,1.9912,1.9494,1.9642,XCD
2015-10-19,1.9505,1.977,1.9468,1.9614,XCD
2015-10-20,1.9486,1.9802,1.9473,1.964,XCD
2015-10-21,1.9521,1.9688,1.9368,1.9578,XCD
2015-10-22,1.9456,1.9619,1.9314,1.9568,XCD
2015-10-23,1.9464,1.9815,1.9424,1.9588,XCD
2015-10-26,1.9486,1.9735,1.9445,1.9681,XCD
2015-10-27,1.9553,1.9699,1.9309,1.9455,XCD
2015-10-28,1.9336,1.9492,1.9037,1.9247,XCD
2015-10-29,1.9139,1.927,1.8999,1.9127,XCD
2015-10-30,1.9018,1.9365,1.9002,1.9312,XCD
2015-11-02,1.9115,1.9407,1.9107,1.933,XCD
2015-11-03,1.9215,1.9527,1.9199,1.944,XCD
2015-11-04,1.9322,1.9541,1.918,1.9337,XCD
2015-11-05,1.9223,1.9457,1.9161,1.9394,XCD
2015-11-06,1.9275,1.9414,1.8775,1.9066,XCD
2015-11-09,1.8932,1.9154,1.8815,1.9062,XCD
2015-11-10,1.8946,1.9113,1.8862,1.9019,XCD
2015-11-11,1.8908,1.9152,1.8889,1.9099,XCD
2015-11-12,1.8986,1.9353,1.8981,1.9277,XCD
2015-11-13,1.9164,1.9368,1.9104,1.929,XCD
2015-11-16,1.9169,1.9301,1.9032,1.9196,XCD
2015-11-17,1.9083,1.9321,1.8931,1.9165,XCD
2015-11-18,1.9049,1.9255,1.896,1.9234,XCD
2015-11-19,1.9126,1.9521,1.9094,1.9461,XCD
2015-11-20,1.9349,1.9615,1.9317,1.9586,XCD
2015-11-23,1.9446,1.9582,1.9179,1.9461,XCD
2015-11-24,1.9344,1.9639,1.9259,1.9629,XCD
2015-11-25,1.9513,1.9707,1.9363,1.9615,XCD
2015-11-26,1.95,1.9655,1.9384,1.9545,XCD
2015-11-27,1.9435,1.9588,1.9237,1.9461,XCD
2015-11-30,1.9344,1.9666,1.9282,1.9553,XCD
2015-12-01,1.9438,1.9776,1.9416,1.9738,XCD
2015-12-02,1.9618,1.9865,1.9483,1.9663,XCD
2015-12-03,1.9507,1.9936,1.9499,1.9746,XCD
2015-12-04,1.9603,1.9909,1.9494,1.9786,XCD
2015-12-07,1.9655,1.9796,1.9438,1.9587,XCD
2015-12-08,1.9462,1.9597,1.9205,1.9447,XCD
2015-12-09,1.9328,1.9532,1.9213,1.9484,XCD
2015-12-10,1.9374,1.9768,1.9344,1.9624,XCD
2015-12-11,1.9508,1.9628,1.9242,1.9373,XCD
2015-12-14,1.9301,1.9714,1.9178,1.9493,XCD
2015-12-15,1.9333,1.963,1.9181,1.9384,XCD
2015-12-16,1.9272,1.9622,1.9226,1.9493,XCD
2015-12-17,1.9376,1.9534,1.9004,1.921,XCD
2015-12-18,1.9098,1.9408,1.9049,1.9328,XCD
2015-12-21,1.9202,1.9401,1.9167,1.9377,XCD
2015-12-22,1.9258,1.9544,1.9237,1.9504,XCD
2015-12-23,1.9382,1.9537,1.9296,1.9491,XCD
2015-12-24,1.9379,1.9637,1.9355,1.9618,XCD
2015-12-25,1.9508,1.9707,1.9398,1.9522,XCD
2015-12-28,1.9489,1.9706,1.9379,1.9536,XCD
2015-12-29,1.9419,1.9685,1.9406,1.9664,XCD
2015-12-30,1.9545,1.9778,1.9451,1.9637,XCD
2015-12-31,1.9518,1.9758,1.9465,1.9619,XCD
2016-01-01,1.9513,1.9684,1.95,1.9669,XCD
2016-01-04,1.9553,1.9674,1.917,1.9383,XCD
2016-01-05,1.9267,1.9458,1.9106,1.9299,XCD
2016-01-06,1.9183,1.9327,1.8875,1.9059,XCD
2016-01-07,1.894,1.9102,1.8701,1.8896,XCD
2016-01-08,1.8781,1.9067,1.8623,1.8739,XCD
2016-01-11,1.8626,1.9109,1.8556,1.8853,XCD
2016-01-12,1.8741,1.9104,1.8591,1.8828,XCD
2016-01-13,1.8725,1.9151,1.8613,1.8748,XCD
2016-01-14,1.8631,1.8978,1.8511,1.8824,XCD
2016-01-15,1.8709,1.8875,1.8288,1.8514,XCD
2016-01-18,1.8404,1.8674,1.8294,1.8502,XCD
2016-01-19,1.8393,1.8872,1.8318,1.8651,XCD
2016-01-20,1.8569,1.8792,1.8291,1.8684,XCD
2016-01-21,1.8577,1.9058,1.8488,1.8931,XCD
2016-01-22,1.8819,1.9161,1.8784,1.8942,XCD
2016-01-25,1.8808,1.902,1.8679,1.8813,XCD
2016-01-26,1.8704,1.9043,1.8604,1.8948,XCD
2016-01-27,1.8841,1.9192,1.88,1.9005,XCD
2016-01-28,1.8897,1.9283,1.8841,1.9165,XCD
2016-01-29,1.9048,1.932,1.8978,1.9164,XCD
2016-02-01,1.9048,1.9306,1.8935,1.9238,XCD
2016-02-02,1.9126,1.9285,1.8911,1.9041,XCD
2016-02-03,1.8927,1.9447,1.8827,1.939,XCD
2016-02-04,1.9279,1.9597,1.9234,1.9476,XCD
2016-02-05,1.9365,1.9553,1.8991,1.9128,XCD
2016-02-08,1.9005,1.9291,1.8962,1.9171,XCD
2016-02-09,1.9061,1.9197,1.8752,1.9127,XCD
2016-02-10,1.9016,1.9325,1.8921,1.9195,XCD
2016-02-11,1.9083,1.9348,1.8782,1.923,XCD
2016-02-12,1.9121,1.9307,1.8997,1.9224,XCD
2016-02-15,1.9112,1.94,1.9091,1.9308,XCD
2016-02-16,1.9199,1.9442,1.8969,1.9167,XCD
2016-02-17,1.9049,1.9446,1.8977,1.9436,XCD
2016-02-18,1.932,1.9447,1.918,1.936,XCD
2016-02-19,1.9244,1.9414,1.9005,1.9342,XCD
2016-02-22,1.9228,1.9604,1.9188,1.9585,XCD
2016-02-23,1.951,1.9697,1.9355,1.9484,XCD
2016-02-24,1.9371,1.9511,1.9215,1.9468,XCD
2016-02-25,1.9352,1.9646,1.9244,1.9571,XCD
2016-02-26,1.9454,1.9633,1.9137,1.9288,XCD
2016-02-29,1.9174,1.9387,1.9112,1.9355,XCD
2016-03-01,1.9278,1.9454,1.9112,1.9408,XCD
2016-03-02,1.9298,1.9752,1.9266,1.973,XCD
2016-03-03,1.9615,1.9988,1.9578,1.9887,XCD
2016-03-04,1.9774,2.014,1.9734,2.0132,XCD
2016-03-07,1.9954,2.0291,1.9879,2.0201,XCD
2016-03-08,2.0086,2.0217,1.9925,2.0114,XCD
2016-03-09,1.9997,2.0412,1.993,2.0251,XCD
2016-03-10,2.0129,2.032,1.9968,2.0152,XCD
2016-03-11,2.0038,2.0537,2.0016,2.0453,XCD
2016-03-14,2.0288,2.0543,2.0137,2.0333,XCD
2016-03-15,2.021,2.0362,2.0014,2.0171,XCD
2016-03-16,2.0054,2.0536,1.9941,2.0428,XCD
2016-03-17,2.0307,2.0728,2.0256,2.0694,XCD
2016-03-18,2.0573,2.0785,2.042,2.0568,XCD
2016-03-21,2.0441,2.0629,2.035,2.05,XCD
2016-03-22,2.0379,2.0675,2.0304,2.0617,XCD
2016-03-23,2.05,2.0697,2.0213,2.0374,XCD
2016-03-24,2.0253,2.0405,2.0108,2.0368,XCD
2016-03-25,2.0237,2.0389,2.0145,2.0308,XCD
2016-03-28,2.017,2.0521,2.0148,2.0411,XCD
2016-03-29,2.0291,2.0695,2.0197,2.0671,XCD
2016-03-30,2.0588,2.087,2.0476,2.075,XCD
2016-03-31,2.0627,2.09,2.053,2.0715,XCD
2016-04-01,2.0597,2.0863,2.0436,2.0746,XCD
2016-04-04,2.0635,2.0776,2.0431,2.0574,XCD
2016-04-05,2.0455,2.0635,2.0197,2.0413,XCD
2016-04-06,2.0291,2.0614,2.0253,2.0555,XCD
2016-04-07,2.0439,2.0663,2.0143,2.0297,XCD
2016-04-08,2.0186,2.0508,2.0164,2.044,XCD
2016-04-11,2.0296,2.0642,2.0242,2.0549,XCD
2016-04-12,2.0431,2.0818,2.039,2.0787,XCD
2016-04-13,2.0667,2.0833,2.0527,2.0739,XCD
2016-04-14,2.0658,2.1006,2.0487,2.0819,XCD
2016-04-15,2.0697,2.0972,2.0651,2.0892,XCD
2016-04-18,2.0541,2.1047,2.0412,2.1041,XCD
2016-04-19,2.0922,2.1235,2.0826,2.1138,XCD
2016-04-20,2.1012,2.1177,2.0885,2.1082,XCD
2016-04-21,2.0958,2.1195,2.0791,2.0932,XCD
2016-04-22,2.081,2.1037,2.0686,2.0849,XCD
2016-04-25,2.0716,2.0907,2.0681,2.0869,XCD
2016-04-26,2.0745,2.1007,2.07,2.0958,XCD
2016-04-27,2.0834,2.1014,2.0296,2.0524,XCD
2016-04-28,2.0409,2.0717,2.0366,2.0628,XCD
2016-04-29,2.0509,2.0782,2.0396,2.0604,XCD
2016-05-02,2.0433,2.0805,2.0412,2.0736,XCD
2016-05-03,2.0624,2.0879,2.0119,2.0244,XCD
2016-05-04,2.0121,2.0335,2.0022,2.0171,XCD
2016-05-05,2.0057,2.0329,2.0038,2.0197,XCD
2016-05-06,2.0075,2.0239,1.9734,1.9932,XCD
2016-05-09,1.9782,1.9978,1.9642,1.979,XCD
2016-05-10,1.9677,1.9946,1.9629,1.9917,XCD
2016-05-11,1.9804,2.0024,1.9726,1.9952,XCD
2016-05-12,1.9831,1.9962,1.9656,1.9815,XCD
2016-05-13,1.9699,1.9827,1.9505,1.966,XCD
2016-05-16,1.9511,1.9866,1.9457,1.9754,XCD
2016-05-17,1.9605,1.9969,1.9581,1.9849,XCD
2016-05-18,1.9696,1.9838,1.9411,1.9558,XCD
2016-05-19,1.9443,1.9596,1.9295,1.955,XCD
2016-05-20,1.9438,1.9617,1.9395,1.9535,XCD
2016-05-23,1.9424,1.9681,1.9346,1.9576,XCD
2016-05-24,1.9419,1.9553,1.9212,1.943,XCD
2016-05-25,1.932,1.9547,1.9287,1.9473,XCD
2016-05-26,1.9363,1.9621,1.9266,1.9546,XCD
2016-05-27,1.943,1.9579,1.9279,1.9429,XCD
2016-05-30,1.9306,1.945,1.922,1.9429,XCD
2016-05-31,1.9312,1.9665,1.9301,1.9566,XCD
2016-06-01,1.9462,1.9752,1.9258,1.9629,XCD
2016-06-02,1.9524,1.9663,1.9365,1.9554,XCD
2016-06-03,1.9446,1.9941,1.9406,1.993,XCD
2016-06-06,1.9812,1.9995,1.9669,1.9928,XCD
2016-06-07,1.9815,2.0194,1.9788,2.0178,XCD
2016-06-08,2.0059,2.0315,1.9976,2.0208,XCD
2016-06-09,2.0094,2.0304,1.9954,2.0105,XCD
2016-06-10,1.9976,2.012,1.9815,1.9941,XCD
2016-06-13,1.9831,2.0091,1.9788,2.0021,XCD
2016-06-14,1.9855,2.0074,1.971,1.9943,XCD
2016-06-15,1.9793,2.0138,1.9718,2.0038,XCD
2016-06-16,1.9917,2.0118,1.9591,1.9917,XCD
2016-06-17,1.9804,2.0054,1.9785,2.0013,XCD
2016-06-20,1.9903,2.0238,1.9893,2.0173,XCD
2016-06-21,2.0051,2.0335,2.0019,2.0152,XCD
2016-06-22,2.0035,2.0363,2.0008,2.029,XCD
2016-06-23,2.017,2.0604,2.0143,2.0587,XCD
2016-06-24,2.0452,2.0698,1.9642,2.0187,XCD
2016-06-27,2.0046,2.0188,1.9677,1.9836,XCD
2016-06-28,1.9696,2.0071,1.9683,1.9985,XCD
2016-06-29,1.9855,2.0175,1.9833,2.0156,XCD
2016-06-30,2.0041,2.0218,1.9823,2.0151,XCD
2016-07-01,2.0041,2.0302,1.9981,2.0286,XCD
2016-07-04,2.0024,2.042,2.0008,2.0393,XCD
2016-07-05,2.0272,2.0414,2.0041,2.0185,XCD
2016-07-06,2.0062,2.0464,1.9917,2.0378,XCD
2016-07-07,2.0226,2.0449,2.0078,2.0282,XCD
2016-07-08,2.0116,2.0523,2.0086,2.0509,XCD
2016-07-11,2.0339,2.0496,2.0226,2.0373,XCD
2016-07-12,2.0253,2.0715,2.0242,2.0617,XCD
2016-07-13,2.0498,2.0667,2.0379,2.0578,XCD
2016-07-14,2.046,2.0747,2.0412,2.0682,XCD
2016-07-15,2.0525,2.0757,2.0323,2.0499,XCD
2016-07-18,2.0379,2.0576,2.0369,2.0534,XCD
2016-07-19,2.0414,2.0541,2.0102,2.0297,XCD
2016-07-20,2.0183,2.037,2.0065,2.0265,XCD
2016-07-21,2.0116,2.0364,2.0041,2.0316,XCD
2016-07-22,2.0159,2.0318,2.0011,2.0194,XCD
2016-07-25,2.0065,2.0274,2.0035,2.0206,XCD
2016-07-26,2.0089,2.0442,2.0065,2.0332,XCD
2016-07-27,2.018,2.0462,1.9952,2.0263,XCD
2016-07-28,2.014,2.043,2.0127,2.0294,XCD
2016-07-29,2.0186,2.059,2.0148,2.055,XCD
2016-08-01,2.0414,2.0604,2.0242,2.0386,XCD
2016-08-02,2.0266,2.0663,2.0162,2.0585,XCD
2016-08-03,2.0471,2.06,2.0353,2.0528,XCD
2016-08-04,2.0409,2.0677,2.039,2.0634,XCD
2016-08-05,2.0517,2.073,2.0428,2.0612,XCD
2016-08-08,2.0476,2.0755,2.0428,2.0696,XCD
2016-08-09,2.0579,2.0796,2.0492,2.0753,XCD
2016-08-10,2.0632,2.0982,2.06,2.0837,XCD
2016-08-11,2.0705,2.0976,2.0683,2.0826,XCD
2016-08-12,2.071,2.0896,2.0554,2.0686,XCD
2016-08-15,2.0568,2.0808,2.0533,2.0757,XCD
2016-08-16,2.0635,2.0966,2.0579,2.0815,XCD
2016-08-17,2.0686,2.0811,2.0463,2.0745,XCD
2016-08-18,2.0669,2.0893,2.057,2.0791,XCD
2016-08-19,2.0675,2.0814,2.0433,2.0634,XCD
2016-08-22,2.046,2.0723,2.039,2.0607,XCD
2016-08-23,2.0498,2.0678,2.0468,2.0638,XCD
2016-08-24,2.0561,2.0683,2.0406,2.0593,XCD
2016-08-25,2.0476,2.0667,2.0441,2.0605,XCD
2016-08-26,2.049,2.0806,2.0301,2.0461,XCD
2016-08-29,2.0323,2.0514,2.0234,2.0476,XCD
2016-08-30,2.0344,2.0507,2.0164,2.0321,XCD
2016-08-31,2.0202,2.038,2.0001,2.0328,XCD
2016-09-01,2.0213,2.0447,2.018,2.0428,XCD
2016-09-02,2.0301,2.0604,2.0261,2.0484,XCD
2016-09-05,2.0339,2.0586,2.0328,2.0511,XCD
2016-09-06,2.0385,2.0873,2.0379,2.0797,XCD
2016-09-07,2.0675,2.0831,2.0576,2.0755,XCD
2016-09-08,2.0638,2.1031,2.0527,2.0792,XCD
2016-09-09,2.0557,2.0717,2.0264,2.04,XCD
2016-09-12,2.0283,2.0475,2.0151,2.0466,XCD
2016-09-13,2.0344,2.0474,2.0011,2.0194,XCD
2016-09-14,2.0067,2.0286,2.0035,2.0206,XCD
2016-09-15,2.0092,2.0348,2.0022,2.0327,XCD
2016-09-16,2.0207,2.0364,2.0102,2.0262,XCD
2016-09-19,2.0132,2.0484,2.0092,2.038,XCD
2016-09-20,2.0264,2.0464,2.0248,2.0443,XCD
2016-09-21,2.0315,2.0642,2.0258,2.0623,XCD
2016-09-22,2.0506,2.0768,2.0457,2.0678,XCD
2016-09-23,2.0552,2.0709,2.0397,2.0614,XCD
2016-09-26,2.0468,2.0697,2.0444,2.0656,XCD
2016-09-27,2.0541,2.0819,2.0466,2.0739,XCD
2016-09-28,2.0622,2.0816,2.0554,2.0808,XCD
2016-09-29,2.0689,2.0862,2.0495,2.0655,XCD
2016-09-30,2.0535,2.0777,2.0409,2.0731,XCD
2016-10-03,2.0587,2.0788,2.0544,2.0758,XCD
2016-10-04,2.0632,2.081,2.0455,2.0616,XCD
2016-10-05,2.0498,2.0683,2.0417,2.0616,XCD
2016-10-06,2.0503,2.0631,2.0334,2.0518,XCD
2016-10-07,2.0401,2.0628,2.031,2.0496,XCD
2016-10-10,2.0379,2.0633,2.0379,2.0575,XCD
2016-10-11,2.0455,2.0598,2.0253,2.0393,XCD
2016-10-12,2.0269,2.0538,2.0253,2.0453,XCD
2016-10-13,2.0336,2.0511,2.0186,2.0476,XCD
2016-10-14,2.0358,2.071,2.0318,2.0614,XCD
2016-10-17,2.0468,2.0654,2.0385,2.0635,XCD
2016-10-18,2.0519,2.0807,2.05,2.0736,XCD
2016-10-19,2.0622,2.0949,2.0595,2.0926,XCD
2016-10-20,2.0769,2.0925,2.049,2.063,XCD
2016-10-21,2.0511,2.0708,2.0401,2.0579,XCD
2016-10-24,2.0431,2.0673,2.0412,2.0587,XCD
2016-10-25,2.0471,2.0708,2.0406,2.0684,XCD
2016-10-26,2.0565,2.0852,2.0525,2.0694,XCD
2016-10-27,2.0579,2.0705,2.0385,2.0532,XCD
2016-10-28,2.0412,2.0591,2.0323,2.0558,XCD
2016-10-31,2.0417,2.0613,2.0377,2.0584,XCD
2016-11-01,2.0468,2.0805,2.0431,2.07,XCD
2016-11-02,2.0584,2.0774,2.0468,2.072,XCD
2016-11-03,2.0605,2.0795,2.0533,2.0783,XCD
2016-11-04,2.0657,2.0819,2.0576,2.0755,XCD
2016-11-07,2.0632,2.0916,2.0587,2.0903,XCD
2016-11-08,2.0783,2.1044,2.0673,2.0997,XCD
2016-11-09,2.0877,2.1024,2.0379,2.0653,XCD
2016-11-10,2.0519,2.0947,2.0347,2.0595,XCD
2016-11-11,2.0476,2.0642,2.0226,2.043,XCD
2016-11-14,2.0234,2.0474,2.0223,2.0434,XCD
2016-11-15,2.031,2.051,2.0191,2.0446,XCD
2016-11-16,2.0331,2.048,2.0057,2.0234,XCD
2016-11-17,2.0119,2.0299,1.9884,2.0036,XCD
2016-11-18,1.9914,2.0082,1.9704,1.985,XCD
2016-11-21,1.9718,1.9981,1.965,1.9932,XCD
2016-11-22,1.982,2.0057,1.9777,2.0023,XCD
2016-11-23,1.9909,2.0149,1.9817,1.9976,XCD
2016-11-24,1.9863,2.0067,1.9793,2.0037,XCD
2016-11-25,1.9914,2.024,1.989,2.0137,XCD
2016-11-28,1.9976,2.028,1.9965,2.024,XCD
2016-11-29,2.0116,2.0282,1.9981,2.0244,XCD
2016-11-30,2.0129,2.0398,1.982,2.0089,XCD
2016-12-01,1.9863,2.008,1.9815,2.0056,XCD
2016-12-02,1.9938,2.0208,1.9893,2.0186,XCD
2016-12-05,2.0032,2.0393,1.9928,2.0326,XCD
2016-12-06,2.0097,2.0244,1.9976,2.0182,XCD
2016-12-07,2.0067,2.0249,1.9936,2.0239,XCD
2016-12-08,2.0119,2.0423,1.9965,2.0294,XCD
2016-12-09,2.0054,2.028,1.9987,2.0162,XCD
2016-12-12,2.0035,2.0301,1.9965,2.0282,XCD
2016-12-13,2.0164,2.0465,2.0092,2.0398,XCD
2016-12-14,2.0164,2.0362,1.9879,2.0033,XCD
2016-12-15,1.9922,2.0107,1.972,1.9905,XCD
2016-12-16,1.9788,1.9938,1.9529,1.9763,XCD
2016-12-19,1.9597,1.9781,1.9468,1.9601,XCD
2016-12-20,1.9489,1.9645,1.9416,1.9637,XCD
2016-12-21,1.9527,1.97,1.9446,1.9579,XCD
2016-12-22,1.9465,1.9637,1.9346,1.9522,XCD
2016-12-23,1.9406,1.9555,1.9244,1.9428,XCD
2016-12-26,1.9268,1.9565,1.9239,1.9446,XCD
2016-12-27,1.9338,1.9578,1.9282,1.9546,XCD
2016-12-28,1.9309,1.9529,1.9255,1.9413,XCD
2016-12-29,1.9298,1.955,1.9271,1.9526,XCD
2016-12-30,1.9408,1.9603,1.9379,1.9519,XCD
2017-01-02,1.9435,1.9561,1.926,1.9437,XCD
2017-01-03,1.9325,1.9699,1.9298,1.9653,XCD
2017-01-04,1.9419,1.9795,1.9384,1.9776,XCD
2017-01-05,1.9586,1.9905,1.9546,1.9845,XCD
2017-01-06,1.9728,1.9913,1.9594,1.9742,XCD
2017-01-09,1.9615,2.0023,1.9594,1.9965,XCD
2017-01-10,1.9777,2.0048,1.9715,2.0008,XCD
2017-01-11,1.982,2.0211,1.9772,2.0128,XCD
2017-01-12,2.0014,2.0346,1.9976,2.0242,XCD
2017-01-13,2.0124,2.0318,2.003,2.0293,XCD
2017-01-16,2.0153,2.0313,2.0054,2.0227,XCD
2017-01-17,2.0108,2.0474,2.007,2.0469,XCD
2017-01-18,2.0344,2.0478,2.017,2.0303,XCD
2017-01-19,2.0188,2.057,2.0148,2.053,XCD
2017-01-20,2.0339,2.0532,2.0213,2.0438,XCD
2017-01-23,2.032,2.0652,2.0142,2.0626,XCD
2017-01-24,2.039,2.0587,2.0304,2.0509,XCD
2017-01-25,2.039,2.056,2.0205,2.0484,XCD
2017-01-26,2.0358,2.0517,2.0221,2.0382,XCD
2017-01-27,2.0261,2.0497,2.0194,2.0427,XCD
2017-01-30,2.0272,2.0476,2.0237,2.0438,XCD
2017-01-31,2.0323,2.0577,2.0277,2.0518,XCD
2017-02-01,2.0404,2.0553,2.0299,2.0518,XCD
2017-02-02,2.0393,2.0823,2.0363,2.0713,XCD
2017-02-03,2.0597,2.0816,2.0492,2.0783,XCD
2017-02-06,2.0622,2.0795,2.0509,2.0719,XCD
2017-02-07,2.0603,2.0776,2.0449,2.0626,XCD
2017-02-08,2.0517,2.0812,2.046,2.0755,XCD
2017-02-09,2.0562,2.0737,2.0457,2.0624,XCD
2017-02-10,2.0509,2.0815,2.0476,2.0764,XCD
2017-02-13,2.0646,2.0873,2.0401,2.0741,XCD
2017-02-14,2.053,2.0905,2.0482,2.0808,XCD
2017-02-15,2.0611,2.0962,2.0527,2.0933,XCD
2017-02-16,2.0735,2.0924,2.0659,2.0811,XCD
2017-02-17,2.0686,2.0867,2.0581,2.0751,XCD
2017-02-20,2.0608,2.0812,2.0589,2.0798,XCD
2017-02-21,2.0667,2.0804,2.0565,2.0764,XCD
2017-02-22,2.064,2.0947,2.0616,2.0913,XCD
2017-02-23,2.0713,2.0945,2.0611,2.0871,XCD
2017-02-24,2.0748,2.0896,2.0608,2.0758,XCD
2017-02-27,2.0622,2.0854,2.0603,2.0757,XCD
2017-02-28,2.0635,2.0814,2.0554,2.0715,XCD
2017-03-01,2.0595,2.0827,2.0533,2.0768,XCD
2017-03-02,2.0643,2.0857,2.0315,2.0558,XCD
2017-03-03,2.0361,2.0554,2.0283,2.0546,XCD
2017-03-06,2.0388,2.0666,2.0353,2.0577,XCD
2017-03-07,2.0382,2.073,2.0371,2.0602,XCD
2017-03-08,2.0404,2.0581,2.0229,2.036,XCD
2017-03-09,2.0245,2.0457,2.0143,2.0377,XCD
2017-03-10,2.0188,2.0444,2.0159,2.0402,XCD
2017-03-13,2.0288,2.0545,2.0248,2.0478,XCD
2017-03-14,2.0363,2.0505,2.0275,2.0448,XCD
2017-03-15,2.0334,2.0964,2.0312,2.0932,XCD
2017-03-16,2.0729,2.0875,2.06,2.0768,XCD
2017-03-17,2.0648,2.0896,2.0605,2.0837,XCD
2017-03-20,2.071,2.0957,2.0662,2.0909,XCD
2017-03-21,2.0791,2.0963,2.0659,2.0804,XCD
2017-03-22,2.0681,2.081,2.0541,2.0768,XCD
2017-03-23,2.0651,2.0774,2.0492,2.0634,XCD
2017-03-24,2.0514,2.0669,2.0447,2.0617,XCD
2017-03-27,2.0482,2.0772,2.0457,2.0683,XCD
2017-03-28,2.049,2.0706,2.0401,2.065,XCD
2017-03-29,2.0527,2.0766,2.0514,2.0747,XCD
2017-03-30,2.0627,2.0774,2.0538,2.0669,XCD
2017-03-31,2.0552,2.0727,2.0495,2.0635,XCD
2017-04-03,2.0506,2.0682,2.0409,2.0572,XCD
2017-04-04,2.0447,2.0601,2.0288,2.0463,XCD
2017-04-05,2.0347,2.0533,2.0326,2.0477,XCD
2017-04-06,2.0361,2.0495,2.0253,2.0412,XCD
2017-04-07,2.0293,2.0425,2.0148,2.0286,XCD
2017-04-10,2.0159,2.032,2.01,2.029,XCD
2017-04-11,2.0175,2.033,2.0004,2.0135,XCD
2017-04-12,2.0014,2.0366,2.0006,2.0345,XCD
2017-04-13,2.0234,2.0549,2.0215,2.0473,XCD
2017-04-14,2.0353,2.0523,2.0318,2.0496,XCD
2017-04-17,2.0355,2.0596,2.0344,2.0531,XCD
2017-04-18,2.0404,2.0623,2.0256,2.0526,XCD
2017-04-19,2.0326,2.0466,2.0143,2.0281,XCD
2017-04-20,2.0164,2.0415,2.0145,2.036,XCD
2017-04-21,2.024,2.0415,2.0207,2.0404,XCD
2017-04-24,2.0388,2.0545,2.0266,2.0478,XCD
2017-04-25,2.0353,2.0484,2.0221,2.0383,XCD
2017-04-26,2.0266,2.0436,2.0046,2.0219,XCD
2017-04-27,2.0102,2.0278,2.0006,2.0191,XCD
2017-04-28,2.007,2.0347,2.0024,2.0332,XCD
2017-05-01,2.0054,2.0398,2.0054,2.0358,XCD
2017-05-02,2.0237,2.0439,2.0194,2.0385,XCD
2017-05-03,2.0258,2.041,1.9946,2.0079,XCD
2017-05-04,1.9962,2.0101,1.985,2.0042,XCD
2017-05-05,1.9914,2.0097,1.9812,2.0075,XCD
2017-05-08,1.9914,2.0084,1.9836,1.9982,XCD
2017-05-09,1.9868,2.0014,1.9707,1.9868,XCD
2017-05-10,1.9755,2.0015,1.9731,1.9931,XCD
2017-05-11,1.9812,1.9979,1.972,1.996,XCD
2017-05-12,1.9847,2.0076,1.9812,1.9979,XCD
2017-05-15,1.9866,2.0144,1.9852,2.0052,XCD
2017-05-16,1.9938,2.0118,1.9882,2.0088,XCD
2017-05-17,1.9968,2.0141,1.9866,2.0101,XCD
2017-05-18,1.9987,2.0202,1.9919,2.0067,XCD
2017-05-19,1.9944,2.021,1.9914,2.0183,XCD
2017-05-22,2.0043,2.0229,1.9989,2.0187,XCD
2017-05-23,2.0108,2.0345,2.0073,2.0229,XCD
2017-05-24,2.0113,2.0314,2.0011,2.0299,XCD
2017-05-25,2.0183,2.0337,2.003,2.0164,XCD
2017-05-26,2.0046,2.0185,1.9957,2.0145,XCD
2017-05-29,1.9984,2.0164,1.9971,2.0126,XCD
2017-05-30,2.0,2.0208,1.9941,2.0194,XCD
2017-05-31,2.0078,2.0223,1.9962,2.0099,XCD
2017-06-01,1.9981,2.0167,1.982,1.9947,XCD
2017-06-02,1.9833,2.0156,1.982,2.0141,XCD
2017-06-05,1.9965,2.0341,1.9933,2.0253,XCD
2017-06-06,2.0137,2.0354,2.0051,2.0311,XCD
2017-06-07,2.0194,2.0473,2.0167,2.0424,XCD
2017-06-08,2.0299,2.0447,2.0231,2.0412,XCD
2017-06-09,2.0296,2.0424,2.0218,2.037,XCD
2017-06-12,2.0237,2.0421,2.0223,2.04,XCD
2017-06-13,2.0275,2.0467,2.0231,2.0389,XCD
2017-06-14,2.0275,2.0621,2.025,2.0562,XCD
2017-06-15,2.0453,2.0649,2.035,2.0501,XCD
2017-06-16,2.0379,2.0648,2.0369,2.0614,XCD
2017-06-19,2.0466,2.0648,2.0396,2.0554,XCD
2017-06-20,2.0433,2.0623,2.0355,2.0505,XCD
2017-06-21,2.0382,2.0528,2.0283,2.0433,XCD
2017-06-22,2.0318,2.0493,2.0261,2.0401,XCD
2017-06-23,2.0275,2.052,2.0266,2.0474,XCD
2017-06-26,2.0347,2.0562,2.032,2.0518,XCD
2017-06-27,2.0398,2.0625,2.0374,2.0512,XCD
2017-06-28,2.0398,2.0679,2.0374,2.0669,XCD
2017-06-29,2.0549,2.0797,2.0527,2.0784,XCD
2017-06-30,2.0665,2.0873,2.0616,2.0802,XCD
2017-07-03,2.0659,2.0818,2.0554,2.0723,XCD
2017-07-04,2.06,2.0792,2.0412,2.0569,XCD
2017-07-05,2.0433,2.0652,2.0355,2.0566,XCD
2017-07-06,2.0452,2.06,2.0374,2.052,XCD
2017-07-07,2.0396,2.0623,2.0361,2.0574,XCD
2017-07-10,2.0444,2.0602,2.0398,2.0577,XCD
2017-07-11,2.0452,2.0674,2.0441,2.0658,XCD
2017-07-12,2.0535,2.0796,2.0525,2.0769,XCD
2017-07-13,2.0651,2.0945,2.0635,2.0909,XCD
2017-07-14,2.0783,2.1193,2.0769,2.1188,XCD
2017-07-17,2.1025,2.1208,2.095,2.1101,XCD
2017-07-18,2.0979,2.1486,2.0936,2.1412,XCD
2017-07-19,2.1281,2.1538,2.1267,2.1511,XCD
2017-07-20,2.1388,2.161,2.1235,2.1528,XCD
2017-07-21,2.1407,2.154,2.1178,2.1412,XCD
2017-07-24,2.127,2.1555,2.1238,2.1435,XCD
2017-07-25,2.1302,2.1565,2.1248,2.1468,XCD
2017-07-26,2.1348,2.1678,2.1184,2.1656,XCD
2017-07-27,2.1523,2.1825,2.1394,2.1551,XCD
2017-07-28,2.142,2.1662,2.134,2.1604,XCD
2017-07-31,2.1472,2.1654,2.1394,2.1648,XCD
2017-08-01,2.1525,2.1757,2.1404,2.1555,XCD
2017-08-02,2.1429,2.163,2.1353,2.1552,XCD
2017-08-03,2.1423,2.1559,2.1186,2.1502,XCD
2017-08-04,2.138,2.1597,2.1219,2.1441,XCD
2017-08-07,2.1291,2.1504,2.1238,2.1405,XCD
2017-08-08,2.1275,2.1486,2.1208,2.1404,XCD
2017-08-09,2.1278,2.142,2.1122,2.1338,XCD
2017-08-10,2.1211,2.1399,2.1151,2.1302,XCD
2017-08-11,2.1181,2.1396,2.1079,2.1359,XCD
2017-08-14,2.1213,2.1425,2.1092,2.1237,XCD
2017-08-15,2.1244,2.1313,2.112,2.1157,XCD
2017-08-16,2.1164,2.1465,2.1139,2.1435,XCD
2017-08-17,2.1439,2.1542,2.1309,2.1332,XCD
2017-08-18,2.1328,2.1497,2.1288,2.1452,XCD
2017-08-21,2.1413,2.1516,2.14,2.1475,XCD
2017-08-22,2.1486,2.1515,2.1364,2.1399,XCD
2017-08-23,2.1395,2.1423,2.1321,2.1381,XCD
2017-08-24,2.1378,2.1415,2.1275,2.1375,XCD
2017-08-25,2.138,2.1515,2.1324,2.145,XCD
2017-08-28,2.1456,2.1569,2.1405,2.154,XCD
2017-08-29,2.1539,2.1593,2.138,2.1498,XCD
2017-08-30,2.1505,2.1629,2.134,2.138,XCD
2017-08-31,2.1381,2.1505,2.1287,2.1497,XCD
2017-09-01,2.1498,2.1623,2.1425,2.1553,XCD
2017-09-04,2.1463,2.1571,2.1458,2.149,XCD
2017-09-05,2.1486,2.1715,2.1481,2.1629,XCD
2017-09-06,2.163,2.1697,2.1535,2.164,XCD
2017-09-07,2.1641,2.1774,2.1572,2.1768,XCD
2017-09-08,2.1768,2.1978,2.1751,2.1799,XCD
2017-09-11,2.1824,2.1835,2.1686,2.1719,XCD
2017-09-12,2.1722,2.1779,2.1636,2.1685,XCD
2017-09-13,2.169,2.1761,2.1557,2.1599,XCD
2017-09-14,2.1597,2.1686,2.1517,2.1656,XCD
2017-09-15,2.1654,2.1734,2.1597,2.1646,XCD
2017-09-18,2.1635,2.1736,2.1473,2.1534,XCD
2017-09-19,2.1535,2.1694,2.1522,2.1667,XCD
2017-09-20,2.1675,2.1917,2.1601,2.1726,XCD
2017-09-21,2.1724,2.174,2.1412,2.1463,XCD
2017-09-22,2.1459,2.1641,2.1389,2.154,XCD
2017-09-25,2.1544,2.1579,2.1442,2.1468,XCD
2017-09-26,2.1466,2.1501,2.1256,2.1334,XCD
2017-09-27,2.1334,2.1343,2.1195,2.1231,XCD
2017-09-28,2.1231,2.1263,2.1094,2.1254,XCD
2017-09-29,2.125,2.1261,2.1142,2.1191,XCD
2017-10-02,2.1188,2.1228,2.1083,2.1172,XCD
2017-10-03,2.117,2.1204,2.1056,2.1193,XCD
2017-10-04,2.1193,2.1305,2.1176,2.1269,XCD
2017-10-05,2.1275,2.1278,2.106,2.1087,XCD
2017-10-06,2.1086,2.1098,2.0915,2.1019,XCD
2017-10-09,2.095,2.1053,2.095,2.0972,XCD
2017-10-10,2.1045,2.1203,2.1037,2.1195,XCD
2017-10-11,2.1117,2.1126,2.1016,2.1067,XCD
2017-10-12,2.1071,2.12,2.106,2.1157,XCD
2017-10-13,2.1154,2.1364,2.1143,2.134,XCD
2017-10-16,2.1301,2.1341,2.121,2.1237,XCD
2017-10-17,2.1242,2.1267,2.1147,2.1223,XCD
2017-10-18,2.1227,2.1315,2.1162,2.1223,XCD
2017-10-19,2.1185,2.1362,2.1166,2.1355,XCD
2017-10-20,2.1383,2.1396,2.1115,2.115,XCD
2017-10-23,2.1122,2.1273,2.1084,2.1117,XCD
2017-10-24,2.1117,2.1244,2.1015,2.1034,XCD
2017-10-25,2.0995,2.1097,2.0758,2.0878,XCD
2017-10-26,2.0916,2.0957,2.0705,2.0723,XCD
2017-10-27,2.0725,2.0853,2.0628,2.077,XCD
2017-10-30,2.0688,2.084,2.0667,2.0835,XCD
2017-10-31,2.0837,2.0867,2.0625,2.0751,XCD
2017-11-01,2.0789,2.0878,2.0682,2.0764,XCD
2017-11-02,2.0724,2.0949,2.0713,2.0903,XCD
2017-11-03,2.0939,2.095,2.0658,2.0696,XCD
2017-11-06,2.0696,2.0888,2.0665,2.0806,XCD
2017-11-07,2.08,2.0909,2.0628,2.0681,XCD
2017-11-08,2.0679,2.0861,2.0663,2.0768,XCD
2017-11-09,2.0804,2.0927,2.0728,2.0736,XCD
2017-11-10,2.0694,2.0892,2.0627,2.0726,XCD
2017-11-13,2.0746,2.0855,2.0578,2.0578,XCD
2017-11-14,2.0507,2.0735,2.047,2.0681,XCD
2017-11-15,2.0681,2.0686,2.0376,2.0568,XCD
2017-11-16,2.0638,2.0689,2.0475,2.0486,XCD
2017-11-17,2.0449,2.0636,2.0337,2.0466,XCD
2017-11-20,2.045,2.0563,2.0253,2.0423,XCD
2017-11-21,2.0384,2.0565,2.033,2.0538,XCD
2017-11-22,2.0576,2.0687,2.0395,2.0608,XCD
2017-11-23,2.0567,2.0706,2.0527,2.0662,XCD
2017-11-24,2.0703,2.0727,2.0532,2.0597,XCD
2017-11-27,2.06,2.0757,2.0535,2.0565,XCD
2017-11-28,2.0567,2.0689,2.0538,2.0546,XCD
2017-11-29,2.0546,2.0657,2.0428,2.0481,XCD
2017-11-30,2.0479,2.062,2.0442,2.0469,XCD
2017-12-01,2.0465,2.0736,2.0419,2.0583,XCD
2017-12-04,2.0543,2.0632,2.0478,2.0592,XCD
2017-12-05,2.0633,2.0781,2.0545,2.0575,XCD
2017-12-06,2.057,2.0662,2.0441,2.0459,XCD
2017-12-07,2.0459,2.0546,2.0295,2.032,XCD
2017-12-08,2.0316,2.0455,2.0286,2.0303,XCD
2017-12-11,2.032,2.0484,2.029,2.0358,XCD
2017-12-12,2.036,2.0583,2.0335,2.0446,XCD
2017-12-13,2.0443,2.074,2.0424,2.0658,XCD
2017-12-14,2.0655,2.0838,2.0629,2.0737,XCD
2017-12-15,2.0734,2.0892,2.0655,2.068,XCD
2017-12-18,2.064,2.0808,2.0629,2.0768,XCD
2017-12-19,2.0768,2.0827,2.0646,2.0768,XCD
2017-12-20,2.0802,2.085,2.069,2.0739,XCD
2017-12-21,2.0705,2.0892,2.0686,2.0873,XCD
2017-12-22,2.0913,2.0964,2.0825,2.0873,XCD
2017-12-25,2.0869,2.0913,2.0848,2.0875,XCD
2017-12-26,2.0828,2.0948,2.0823,2.0943,XCD
2017-12-27,2.0979,2.1117,2.0888,2.1012,XCD
2017-12-28,2.097,2.1166,2.0962,2.1131,XCD
2017-12-29,2.1164,2.1244,2.0962,2.1105,XCD
2018-01-01,2.1107,2.1128,2.1096,2.1113,XCD
2018-01-02,2.1071,2.126,2.1041,2.1219,XCD
2018-01-03,2.1219,2.126,2.1068,2.1233,XCD
2018-01-04,2.1237,2.1319,2.1096,2.1311,XCD
2018-01-05,2.1349,2.1376,2.1216,2.1273,XCD
2018-01-08,2.1192,2.1335,2.1138,2.1249,XCD
2018-01-09,2.125,2.1307,2.1073,2.1202,XCD
2018-01-10,2.1239,2.1359,2.1115,2.1216,XCD
2018-01-11,2.1216,2.1432,2.1194,2.1345,XCD
2018-01-12,2.1344,2.1491,2.1223,2.1403,XCD
2018-01-15,2.1389,2.1666,2.1363,2.1545,XCD
2018-01-16,2.1543,2.1652,2.1467,2.1534,XCD
2018-01-17,2.1494,2.174,2.1456,2.1597,XCD
2018-01-18,2.1601,2.1699,2.1441,2.168,XCD
2018-01-19,2.173,2.1829,2.1595,2.162,XCD
2018-01-22,2.1578,2.1755,2.1536,2.1728,XCD
2018-01-23,2.1729,2.1761,2.1503,2.168,XCD
2018-01-24,2.1671,2.1903,2.1575,2.1847,XCD
2018-01-25,2.1882,2.2042,2.1667,2.1705,XCD
2018-01-26,2.1723,2.2094,2.1654,2.1942,XCD
2018-01-29,2.1944,2.2048,2.1843,2.1896,XCD
2018-01-30,2.1856,2.1984,2.1791,2.1904,XCD
2018-01-31,2.1944,2.2037,2.1732,2.1789,XCD
2018-02-01,2.1791,2.1904,2.1612,2.1745,XCD
2018-02-02,2.1751,2.1837,2.142,2.1431,XCD
2018-02-05,2.1399,2.1555,2.1235,2.1349,XCD
2018-02-06,2.1391,2.1477,2.1207,2.1387,XCD
2018-02-07,2.1345,2.143,2.1101,2.1198,XCD
2018-02-08,2.1197,2.1256,2.1006,2.1084,XCD
2018-02-09,2.113,2.1252,2.1009,2.1138,XCD
2018-02-12,2.1122,2.1338,2.109,2.1267,XCD
2018-02-13,2.1218,2.1345,2.114,2.1299,XCD
2018-02-14,2.1303,2.1508,2.1001,2.1478,XCD
2018-02-15,2.1475,2.1595,2.1322,2.1532,XCD
2018-02-16,2.1578,2.1694,2.1361,2.1404,XCD
2018-02-19,2.1401,2.1547,2.1362,2.1404,XCD
2018-02-20,2.1366,2.1505,2.1269,2.1364,XCD
2018-02-21,2.1365,2.1368,2.1074,2.1149,XCD
2018-02-22,2.1147,2.1298,2.1035,2.1261,XCD
2018-02-23,2.1307,2.1311,2.1111,2.122,XCD
2018-02-26,2.1193,2.1435,2.1176,2.125,XCD
2018-02-27,2.1199,2.1324,2.1012,2.1109,XCD
2018-02-28,2.1105,2.1191,2.0946,2.1035,XCD
2018-03-01,2.1077,2.1088,2.087,2.098,XCD
2018-03-02,2.0947,2.1071,2.089,2.104,XCD
2018-03-05,2.097,2.1058,2.0859,2.1044,XCD
2018-03-06,2.1044,2.1249,2.0947,2.1214,XCD
2018-03-07,2.1214,2.1219,2.098,2.1206,XCD
2018-03-08,2.1207,2.124,2.0992,2.1115,XCD
2018-03-09,2.1114,2.1287,2.0999,2.1276,XCD
2018-03-12,2.1197,2.1353,2.117,2.1334,XCD
2018-03-13,2.1379,2.1436,2.1095,2.126,XCD
2018-03-14,2.1221,2.1448,2.1191,2.1348,XCD
2018-03-15,2.1347,2.1366,2.1037,2.1134,XCD
2018-03-16,2.1139,2.1155,2.0821,2.0909,XCD
2018-03-19,2.0828,2.0929,2.0769,2.0916,XCD
2018-03-20,2.0915,2.0926,2.0734,2.0821,XCD
2018-03-21,2.0819,2.1084,2.0732,2.104,XCD
2018-03-22,2.105,2.109,2.0762,2.0846,XCD
2018-03-23,2.0847,2.0982,2.0754,2.086,XCD
2018-03-26,2.0839,2.1048,2.0812,2.096,XCD
2018-03-27,2.0919,2.1015,2.0722,2.081,XCD
2018-03-28,2.0816,2.0878,2.0676,2.0762,XCD
2018-03-29,2.0762,2.0844,2.0657,2.0806,XCD
2018-03-30,2.0804,2.0886,2.0718,2.081,XCD
2018-04-02,2.0758,2.0852,2.0657,2.077,XCD
2018-04-03,2.0768,2.089,2.066,2.0825,XCD
2018-04-04,2.0824,2.0927,2.0731,2.0913,XCD
2018-04-05,2.0913,2.0939,2.073,2.0827,XCD
2018-04-06,2.0823,2.0871,2.0684,2.0806,XCD
2018-04-09,2.0781,2.0899,2.0688,2.0861,XCD
2018-04-10,2.0865,2.1057,2.0777,2.1032,XCD
2018-04-11,2.1032,2.1067,2.0903,2.1016,XCD
2018-04-12,2.1015,2.1061,2.0905,2.1015,XCD
2018-04-13,2.1022,2.1167,2.0939,2.1051,XCD
2018-04-16,2.0974,2.1097,2.0952,2.1084,XCD
2018-04-17,2.1126,2.116,2.0993,2.1008,XCD
2018-04-18,2.0972,2.1136,2.0955,2.1094,XCD
2018-04-19,2.1104,2.1176,2.0843,2.095,XCD
2018-04-20,2.0951,2.0953,2.0675,2.0793,XCD
2018-04-23,2.0774,2.0819,2.0524,2.0608,XCD
2018-04-24,2.061,2.0648,2.0493,2.0607,XCD
2018-04-25,2.0606,2.0614,2.0391,2.0499,XCD
2018-04-26,2.0501,2.0571,2.0382,2.0471,XCD
2018-04-27,2.0478,2.0553,2.037,2.0547,XCD
2018-04-30,2.0522,2.0547,2.0315,2.0406,XCD
2018-05-01,2.0413,2.0453,2.0189,2.0299,XCD
2018-05-02,2.0301,2.0431,2.021,2.0307,XCD
2018-05-03,2.0316,2.0445,2.0233,2.041,XCD
2018-05-04,2.0416,2.0494,2.0233,2.044,XCD
2018-05-07,2.0434,2.0488,2.0271,2.0345,XCD
2018-05-08,2.0299,2.0407,2.0076,2.021,XCD
2018-05-09,2.0196,2.0255,2.0065,2.0229,XCD
2018-05-10,2.0225,2.0433,2.0137,2.0414,XCD
2018-05-11,2.041,2.0507,2.0309,2.0442,XCD
2018-05-14,2.0473,2.0541,2.0349,2.0358,XCD
2018-05-15,2.0357,2.0465,2.0142,2.0212,XCD
2018-05-16,2.0179,2.0391,2.0114,2.037,XCD
2018-05-17,2.037,2.0459,2.0244,2.0359,XCD
2018-05-18,2.0356,2.0408,2.0225,2.0362,XCD
2018-05-21,2.0318,2.056,2.0284,2.0547,XCD
2018-05-22,2.0582,2.065,2.0365,2.0493,XCD
2018-05-23,2.0493,2.0587,2.0369,2.045,XCD
2018-05-24,2.0415,2.0552,2.0377,2.0531,XCD
2018-05-25,2.0531,2.0571,2.0358,2.0458,XCD
2018-05-28,2.0382,2.055,2.0372,2.045,XCD
2018-05-29,2.0484,2.0505,2.0287,2.0301,XCD
2018-05-30,2.0307,2.0595,2.0248,2.0497,XCD
2018-05-31,2.0459,2.0581,2.04,2.0511,XCD
2018-06-01,2.0512,2.0528,2.0323,2.0509,XCD
2018-06-04,2.0423,2.0781,2.0398,2.072,XCD
2018-06-05,2.0734,2.0753,2.0513,2.0644,XCD
2018-06-06,2.0676,2.0842,2.06,2.0739,XCD
2018-06-07,2.0701,2.0795,2.0549,2.0667,XCD
2018-06-08,2.0661,2.0672,2.0467,2.0596,XCD
2018-06-11,2.054,2.066,2.043,2.0627,XCD
2018-06-12,2.0627,2.0665,2.0429,2.0524,XCD
2018-06-13,2.0522,2.0621,2.033,2.0537,XCD
2018-06-14,2.0537,2.0553,2.0198,2.0272,XCD
2018-06-15,2.0276,2.0282,2.0101,2.0173,XCD
2018-06-18,2.0207,2.0212,2.0022,2.0118,XCD
2018-06-19,2.0122,2.0133,1.9863,2.001,XCD
2018-06-20,2.0002,2.0078,1.9889,1.9968,XCD
2018-06-21,1.9969,2.0042,1.9869,2.0004,XCD
2018-06-22,1.9996,2.0177,1.9912,2.0166,XCD
2018-06-25,2.0093,2.0157,1.9967,2.0092,XCD
2018-06-26,2.0084,2.0118,1.9931,2.0038,XCD
2018-06-27,2.0037,2.0075,1.9799,1.9894,XCD
2018-06-28,1.9895,1.9957,1.9817,1.993,XCD
2018-06-29,1.9929,2.0085,1.9823,2.0066,XCD
2018-07-02,2.0023,2.0099,1.9745,1.9895,XCD
2018-07-03,1.9891,2.0067,1.9796,2.0017,XCD
2018-07-04,2.0015,2.0126,1.9911,2.0006,XCD
2018-07-05,1.9999,2.0078,1.9908,2.0019,XCD
2018-07-06,2.0023,2.018,1.992,2.0145,XCD
2018-07-09,2.0122,2.0282,2.0046,2.0236,XCD
2018-07-10,2.0271,2.0322,2.0122,2.0177,XCD
2018-07-11,2.0139,2.021,1.9889,1.9965,XCD
2018-07-12,1.9967,2.0112,1.9874,2.0077,XCD
2018-07-13,2.0076,2.0122,1.9916,2.0119,XCD
2018-07-16,2.0003,2.0174,1.9995,2.011,XCD
2018-07-17,2.0107,2.016,1.9921,2.0025,XCD
2018-07-18,2.0021,2.0076,1.985,2.0048,XCD
2018-07-19,2.0045,2.0167,1.9775,1.9943,XCD
2018-07-20,1.994,2.0145,1.9783,2.0118,XCD
2018-07-23,2.0082,2.016,1.9911,2.0004,XCD
2018-07-24,2.0003,2.0149,1.9921,2.0111,XCD
2018-07-25,2.0119,2.0233,1.9964,2.0203,XCD
2018-07-26,2.0204,2.0228,1.9911,1.9993,XCD
2018-07-27,1.9991,2.0096,1.9906,2.0058,XCD
2018-07-30,2.0029,2.0095,1.9951,2.0072,XCD
2018-07-31,2.0075,2.0169,1.9992,2.0131,XCD
2018-08-01,2.0127,2.0135,1.9959,2.0065,XCD
2018-08-02,2.0067,2.0089,1.9872,1.9946,XCD
2018-08-03,1.9944,2.0087,1.987,2.0054,XCD
2018-08-06,2.0048,2.0071,1.9909,2.0019,XCD
2018-08-07,2.0017,2.0162,1.994,2.0111,XCD
2018-08-08,2.0108,2.0162,1.9932,2.0141,XCD
2018-08-09,2.0143,2.02,1.9929,1.9978,XCD
2018-08-10,1.9982,2.0006,1.9685,1.9785,XCD
2018-08-13,1.9753,1.9782,1.9599,1.9699,XCD
2018-08-14,1.9701,1.9739,1.9513,1.9634,XCD
2018-08-15,1.9638,1.9646,1.9474,1.9619,XCD
2018-08-16,1.9621,1.975,1.9529,1.9677,XCD
2018-08-17,1.9679,1.9841,1.9601,1.9822,XCD
2018-08-20,1.9727,1.9903,1.9694,1.9891,XCD
2018-08-21,1.9895,2.001,1.9804,1.9974,XCD
2018-08-22,1.997,1.9975,1.9829,1.991,XCD
2018-08-23,1.9916,1.9929,1.9573,1.9649,XCD
2018-08-24,1.9632,1.9905,1.956,1.9862,XCD
2018-08-27,1.9833,1.9942,1.9768,1.9926,XCD
2018-08-28,1.9918,1.9953,1.9791,1.9886,XCD
2018-08-29,1.9885,1.9922,1.9663,1.9811,XCD
2018-08-30,1.9811,1.9828,1.959,1.9692,XCD
2018-08-31,1.9688,1.9699,1.9391,1.9502,XCD
2018-09-03,1.95,1.9581,1.9396,1.9549,XCD
2018-09-04,1.9548,1.9613,1.9368,1.9457,XCD
2018-09-05,1.9453,1.9567,1.9362,1.9491,XCD
2018-09-06,1.9487,1.9545,1.9372,1.9506,XCD
2018-09-07,1.9517,1.9525,1.9173,1.926,XCD
2018-09-10,1.9208,1.9328,1.9157,1.9282,XCD
2018-09-11,1.9322,1.936,1.9166,1.9271,XCD
2018-09-12,1.9268,1.9501,1.9196,1.9392,XCD
2018-09-13,1.9354,1.9593,1.9346,1.9493,XCD
2018-09-14,1.9532,1.9597,1.9348,1.9348,XCD
2018-09-17,1.9381,1.9507,1.9293,1.9465,XCD
2018-09-18,1.9462,1.9578,1.9315,1.9565,XCD
2018-09-19,1.9562,1.9719,1.9475,1.9686,XCD
2018-09-20,1.9722,1.9805,1.9541,1.9724,XCD
2018-09-21,1.9693,1.9801,1.9634,1.976,XCD
2018-09-24,1.9705,1.9734,1.9575,1.9655,XCD
2018-09-25,1.9654,1.9684,1.955,1.9649,XCD
2018-09-26,1.9688,1.9861,1.9591,1.9634,XCD
2018-09-27,1.963,1.9735,1.9484,1.9495,XCD
2018-09-28,1.9463,1.963,1.9444,1.9595,XCD
2018-10-01,1.9597,1.9605,1.9469,1.9578,XCD
2018-10-02,1.9576,1.9619,1.9377,1.9481,XCD
2018-10-03,1.948,1.951,1.9174,1.9253,XCD
2018-10-04,1.9284,1.9311,1.9106,1.9135,XCD
2018-10-05,1.9097,1.9208,1.9011,1.9111,XCD
2018-10-08,1.908,1.9224,1.9056,1.9147,XCD
2018-10-09,1.9111,1.9255,1.9044,1.9249,XCD
2018-10-10,1.9252,1.9328,1.9088,1.914,XCD
2018-10-11,1.9117,1.9322,1.903,1.9306,XCD
2018-10-12,1.9305,1.9351,1.9172,1.9292,XCD
2018-10-15,1.92,1.9374,1.9176,1.9325,XCD
2018-10-16,1.932,1.9382,1.9251,1.9352,XCD
2018-10-17,1.939,1.9438,1.9216,1.923,XCD
2018-10-18,1.9193,1.9381,1.9156,1.924,XCD
2018-10-19,1.9236,1.9376,1.9146,1.9298,XCD
2018-10-22,1.92,1.9314,1.9117,1.9189,XCD
2018-10-23,1.9189,1.9217,1.9051,1.9204,XCD
2018-10-24,1.92,1.9259,1.9059,1.913,XCD
2018-10-25,1.913,1.9244,1.9051,1.9189,XCD
2018-10-26,1.9187,1.9258,1.8977,1.923,XCD
2018-10-29,1.9209,1.9269,1.9056,1.9118,XCD
2018-10-30,1.9123,1.9303,1.9043,1.9258,XCD
2018-10-31,1.9256,1.9258,1.908,1.9169,XCD
2018-11-01,1.9167,1.9545,1.9105,1.9527,XCD
2018-11-02,1.9532,1.9675,1.9396,1.951,XCD
2018-11-05,1.9643,1.9643,1.9399,1.9543,XCD
2018-11-06,1.9543,1.964,1.9454,1.964,XCD
2018-11-07,1.9644,1.9787,1.953,1.972,XCD
2018-11-08,1.9715,1.979,1.9575,1.9667,XCD
2018-11-09,1.9664,1.9704,1.9497,1.958,XCD
2018-11-12,1.9574,1.9617,1.9372,1.9439,XCD
2018-11-13,1.9438,1.9581,1.9361,1.9562,XCD
2018-11-14,1.9562,1.9662,1.9463,1.9611,XCD
2018-11-15,1.9601,1.9785,1.9523,1.972,XCD
2018-11-16,1.9725,1.989,1.9609,1.9882,XCD
2018-11-19,1.9849,1.986,1.9676,1.9768,XCD
2018-11-20,1.9766,1.9785,1.9478,1.955,XCD
2018-11-21,1.9548,1.9725,1.9485,1.9682,XCD
2018-11-22,1.9679,1.9698,1.9558,1.966,XCD
2018-11-23,1.9659,1.9673,1.9493,1.9611,XCD
2018-11-26,1.9593,1.972,1.951,1.9569,XCD
2018-11-27,1.9569,1.9701,1.9443,1.9577,XCD
2018-11-28,1.9582,1.9863,1.951,1.9798,XCD
2018-11-29,1.9796,1.9905,1.9705,1.9834,XCD
2018-11-30,1.9838,1.986,1.9682,1.983,XCD
2018-12-03,1.9971,2.0041,1.9843,1.9939,XCD
2018-12-04,1.994,2.0037,1.9802,1.9889,XCD
2018-12-05,1.9885,1.9934,1.9599,1.9699,XCD
2018-12-06,1.9699,1.9712,1.944,1.961,XCD
2018-12-07,1.961,1.9628,1.9435,1.9512,XCD
2018-12-10,1.9425,1.9591,1.9352,1.9486,XCD
2018-12-11,1.9483,1.958,1.9405,1.9528,XCD
2018-12-12,1.9535,1.9622,1.9442,1.957,XCD
2018-12-13,1.9602,1.9678,1.9522,1.9549,XCD
2018-12-14,1.9511,1.9589,1.9307,1.9448,XCD
2018-12-17,1.9455,1.948,1.9351,1.9461,XCD
2018-12-18,1.9465,1.9526,1.9345,1.9465,XCD
2018-12-19,1.9451,1.9513,1.9141,1.9263,XCD
2018-12-20,1.9259,1.9372,1.9161,1.9266,XCD
2018-12-21,1.9305,1.9343,1.9019,1.9024,XCD
2018-12-24,1.9011,1.917,1.8995,1.9138,XCD
2018-12-25,1.9115,1.9156,1.9006,1.9071,XCD
2018-12-26,1.908,1.9169,1.9017,1.9153,XCD
2018-12-27,1.9155,1.9185,1.8947,1.9066,XCD
2018-12-28,1.9066,1.9163,1.8982,1.9088,XCD
2018-12-31,1.909,1.9171,1.9013,1.9109,XCD
2019-01-01,1.9101,1.9151,1.907,1.9114,XCD
2019-01-02,1.9112,1.9116,1.8855,1.8929,XCD
2019-01-03,1.8929,1.9023,1.8368,1.8983,XCD
2019-01-04,1.8989,1.9313,1.8892,1.9294,XCD
2019-01-07,1.9263,1.9379,1.9192,1.9371,XCD
2019-01-08,1.9376,1.9381,1.9224,1.9353,XCD
2019-01-09,1.9347,1.9495,1.9276,1.9433,XCD
2019-01-10,1.9432,1.9505,1.9315,1.9473,XCD
2019-01-11,1.9472,1.961,1.9403,1.9547,XCD
2019-01-14,1.9518,1.9561,1.9391,1.9502,XCD
2019-01-15,1.95,1.9581,1.9385,1.9516,XCD
2019-01-16,1.9517,1.9549,1.9362,1.9425,XCD
2019-01-17,1.9426,1.9575,1.9306,1.9494,XCD
2019-01-18,1.9492,1.9549,1.9334,1.9425,XCD
2019-01-21,1.9341,1.945,1.9282,1.94,XCD
2019-01-22,1.9398,1.9406,1.9216,1.9303,XCD
2019-01-23,1.9306,1.9363,1.9216,1.9355,XCD
2019-01-24,1.9357,1.9422,1.9126,1.9227,XCD
2019-01-25,1.9234,1.9476,1.9155,1.9386,XCD
2019-01-28,1.9476,1.9526,1.9368,1.9346,XCD
2019-01-29,1.9418,1.9451,1.9315,1.9313,XCD
2019-01-30,1.939,1.9714,1.9345,1.9564,XCD
2019-01-31,1.9638,1.9774,1.9603,1.9643,XCD
2019-02-01,1.971,1.9744,1.9579,1.9497,XCD
2019-02-04,1.96,1.9662,1.9446,1.9505,XCD
2019-02-05,1.9583,1.969,1.9492,1.9532,XCD
2019-02-06,1.9604,1.9639,1.9224,1.9178,XCD
2019-02-07,1.9256,1.9291,1.9176,1.9167,XCD
2019-02-08,1.9248,1.926,1.9117,1.9135,XCD
2019-02-11,1.9172,1.9269,1.909,1.9059,XCD
2019-02-12,1.9139,1.9252,1.9085,1.9151,XCD
2019-02-13,1.9219,1.9342,1.9168,1.9138,XCD
2019-02-14,1.9211,1.9332,1.9139,1.9107,XCD
2019-02-15,1.9224,1.9375,1.9159,1.9289,XCD
2019-02-18,1.9312,1.9409,1.927,1.9251,XCD
2019-02-19,1.9325,1.9444,1.9217,1.934,XCD
2019-02-20,1.942,1.9468,1.9335,1.934,XCD
2019-02-21,1.9414,1.9535,1.9124,1.9143,XCD
2019-02-22,1.9226,1.9381,1.9168,1.9243,XCD
2019-02-25,1.9288,1.9473,1.9262,1.9346,XCD
2019-02-26,1.9423,1.9498,1.9322,1.9402,XCD
2019-02-27,1.9475,1.9511,1.9277,1.9275,XCD
2019-02-28,1.9347,1.9424,1.9179,1.9154,XCD
2019-03-01,1.9224,1.9303,1.912,1.9045,XCD
2019-03-04,1.9157,1.9274,1.9082,1.9148,XCD
2019-03-05,1.9219,1.9236,1.9097,1.9121,XCD
2019-03-06,1.9196,1.9223,1.8989,1.8986,XCD
2019-03-07,1.9057,1.9112,1.895,1.8935,XCD
2019-03-08,1.9011,1.9115,1.8949,1.9022,XCD
2019-03-11,1.9088,1.9183,1.8958,1.9089,XCD
2019-03-12,1.9159,1.9223,1.9078,1.9116,XCD
2019-03-13,1.9193,1.924,1.9077,1.9151,XCD
2019-03-14,1.9224,1.9237,1.9049,1.9073,XCD
2019-03-15,1.9144,1.9237,1.907,1.9135,XCD
2019-03-18,1.9154,1.9298,1.914,1.9175,XCD
2019-03-19,1.9251,1.9274,1.9152,1.9135,XCD
2019-03-20,1.9203,1.9379,1.9092,1.9211,XCD
2019-03-21,1.9283,1.9428,1.9169,1.9194,XCD
2019-03-22,1.9272,1.9296,1.9138,1.9121,XCD
2019-03-25,1.9147,1.9289,1.9109,1.92,XCD
2019-03-26,1.9275,1.9373,1.9195,1.9262,XCD
2019-03-27,1.9334,1.9358,1.9122,1.9127,XCD
2019-03-28,1.9201,1.9261,1.9087,1.9103,XCD
2019-03-29,1.9172,1.9258,1.91,1.9154,XCD
2019-04-01,1.9249,1.9332,1.9175,1.92,XCD
2019-04-02,1.9274,1.9311,1.9075,1.9089,XCD
2019-04-03,1.9166,1.9324,1.9056,1.9202,XCD
2019-04-04,1.9274,1.9318,1.9181,1.92,XCD
2019-04-05,1.9274,1.9329,1.9172,1.9184,XCD
2019-04-08,1.9208,1.9331,1.915,1.924,XCD
2019-04-09,1.9314,1.9386,1.9231,1.9229,XCD
2019-04-10,1.9303,1.9447,1.9214,1.9359,XCD
2019-04-11,1.9433,1.944,1.9247,1.9232,XCD
2019-04-12,1.9306,1.9489,1.9225,1.929,XCD
2019-04-15,1.9403,1.9471,1.9346,1.9367,XCD
2019-04-16,1.9441,1.9459,1.9317,1.9373,XCD
2019-04-17,1.9445,1.9531,1.9343,1.9381,XCD
2019-04-18,1.9455,1.9512,1.9304,1.9305,XCD
2019-04-19,1.9382,1.9406,1.9293,1.931,XCD
2019-04-22,1.9375,1.9405,1.9282,1.9259,XCD
2019-04-23,1.9334,1.9351,1.9158,1.9173,XCD
2019-04-24,1.9246,1.9252,1.892,1.8941,XCD
2019-04-25,1.9011,1.9033,1.8894,1.8865,XCD
2019-04-26,1.8975,1.9139,1.8936,1.9005,XCD
2019-04-29,1.905,1.9138,1.9009,1.9049,XCD
2019-04-30,1.9124,1.9161,1.8992,1.903,XCD
2019-05-01,1.9103,1.9139,1.893,1.8935,XCD
2019-05-02,1.9011,1.9052,1.8889,1.89,XCD
2019-05-03,1.8978,1.9039,1.8879,1.8962,XCD
2019-05-06,1.8891,1.898,1.883,1.887,XCD
2019-05-07,1.8943,1.9103,1.8861,1.893,XCD
2019-05-08,1.9003,1.9046,1.8894,1.8868,XCD
2019-05-09,1.8941,1.8969,1.8838,1.8868,XCD
2019-05-10,1.8941,1.9023,1.8859,1.89,XCD
2019-05-13,1.8937,1.8966,1.8777,1.8746,XCD
2019-05-14,1.882,1.8863,1.8736,1.8741,XCD
2019-05-15,1.8818,1.8832,1.8709,1.8634,XCD
2019-05-16,1.8741,1.8793,1.8628,1.8608,XCD
2019-05-17,1.8678,1.8695,1.8566,1.8472,XCD
2019-05-20,1.8737,1.8802,1.8632,1.8577,XCD
2019-05-21,1.8685,1.8775,1.8569,1.8584,XCD
2019-05-22,1.8655,1.8692,1.8572,1.8576,XCD
2019-05-23,1.8648,1.8705,1.8557,1.8627,XCD
2019-05-24,1.8701,1.8797,1.8597,1.8692,XCD
2019-05-27,1.8745,1.881,1.8701,1.8676,XCD
2019-05-28,1.8756,1.88,1.8686,1.8689,XCD
2019-05-29,1.8761,1.8787,1.8668,1.8676,XCD
2019-05-30,1.8748,1.8802,1.8654,1.866,XCD
2019-05-31,1.8737,1.8822,1.8658,1.8733,XCD
2019-06-03,1.8757,1.8925,1.8729,1.8835,XCD
2019-06-04,1.8908,1.8985,1.8816,1.8873,XCD
2019-06-05,1.8945,1.8993,1.8834,1.8816,XCD
2019-06-06,1.8888,1.8957,1.8816,1.8838,XCD
2019-06-07,1.891,1.9033,1.8822,1.8825,XCD
2019-06-10,1.8953,1.9002,1.8817,1.8728,XCD
2019-06-11,1.8828,1.8882,1.8779,1.8792,XCD
2019-06-12,1.8867,1.8874,1.8729,1.8706,XCD
2019-06-13,1.8775,1.8803,1.864,1.8665,XCD
2019-06-14,1.874,1.8752,1.8556,1.8554,XCD
2019-06-17,1.8585,1.866,1.8521,1.85,XCD
2019-06-18,1.8571,1.8654,1.8484,1.8496,XCD
2019-06-19,1.8568,1.8728,1.8534,1.8579,XCD
2019-06-20,1.8648,1.8798,1.8578,1.8689,XCD
2019-06-21,1.8761,1.8805,1.8665,1.8692,XCD
2019-06-24,1.8741,1.8887,1.873,1.8795,XCD
2019-06-25,1.8867,1.8915,1.8783,1.8789,XCD
2019-06-26,1.8856,1.8959,1.8783,1.8854,XCD
2019-06-27,1.8932,1.8999,1.8857,1.8922,XCD
2019-06-28,1.8994,1.9037,1.8907,1.8954,XCD
2019-07-01,1.9008,1.9056,1.8783,1.8806,XCD
2019-07-02,1.8878,1.8974,1.8801,1.8884,XCD
2019-07-03,1.8957,1.908,1.8879,1.8905,XCD
2019-07-04,1.9015,1.9103,1.896,1.8951,XCD
2019-07-05,1.9026,1.9052,1.8822,1.8843,XCD
2019-07-08,1.8874,1.8958,1.8828,1.8819,XCD
2019-07-09,1.8895,1.8907,1.8717,1.8703,XCD
2019-07-10,1.8775,1.889,1.8691,1.8784,XCD
2019-07-11,1.8856,1.8942,1.8795,1.883,XCD
2019-07-12,1.89,1.904,1.8824,1.8946,XCD
2019-07-15,1.8963,1.9081,1.8939,1.9005,XCD
2019-07-16,1.9077,1.9094,1.8947,1.8932,XCD
2019-07-17,1.9003,1.9039,1.8909,1.8924,XCD
2019-07-18,1.8995,1.918,1.8917,1.9103,XCD
2019-07-19,1.9176,1.9196,1.9023,1.9013,XCD
2019-07-22,1.9056,1.9127,1.8993,1.8921,XCD
2019-07-23,1.903,1.9065,1.8923,1.8835,XCD
2019-07-24,1.8949,1.8973,1.8798,1.8835,XCD
2019-07-25,1.8908,1.8931,1.8774,1.8768,XCD
2019-07-26,1.8838,1.8852,1.8638,1.8652,XCD
2019-07-29,1.8709,1.8762,1.863,1.8633,XCD
2019-07-30,1.8703,1.8723,1.8547,1.8552,XCD
2019-07-31,1.8623,1.87,1.8487,1.8479,XCD
2019-08-01,1.855,1.8616,1.8389,1.8357,XCD
2019-08-02,1.8428,1.8481,1.8225,1.8289,XCD
2019-08-05,1.839,1.8443,1.8248,1.8241,XCD
2019-08-06,1.8309,1.8435,1.8236,1.8252,XCD
2019-08-07,1.8321,1.8383,1.8077,1.8239,XCD
2019-08-08,1.8312,1.849,1.824,1.836,XCD
2019-08-09,1.8431,1.8481,1.8295,1.8249,XCD
2019-08-12,1.8364,1.8419,1.8175,1.823,XCD
2019-08-13,1.83,1.8479,1.8225,1.836,XCD
2019-08-14,1.8431,1.8453,1.8223,1.8217,XCD
2019-08-15,1.8287,1.8404,1.8214,1.8225,XCD
2019-08-16,1.8326,1.8418,1.8235,1.8238,XCD
2019-08-19,1.8348,1.8415,1.8277,1.8257,XCD
2019-08-20,1.8332,1.8419,1.8247,1.8295,XCD
2019-08-21,1.8369,1.8429,1.8291,1.8306,XCD
2019-08-22,1.8376,1.8397,1.8242,1.8241,XCD
2019-08-23,1.8312,1.8354,1.8212,1.8236,XCD
2019-08-26,1.8214,1.84,1.8094,1.8222,XCD
2019-08-27,1.8326,1.8378,1.8252,1.8228,XCD
2019-08-28,1.8298,1.8327,1.821,1.8179,XCD
2019-08-29,1.8249,1.8305,1.8164,1.8155,XCD
2019-08-30,1.8237,1.8269,1.8138,1.8187,XCD
2019-09-02,1.8182,1.8257,1.8154,1.8125,XCD
2019-09-03,1.8166,1.8332,1.8103,1.8244,XCD
2019-09-04,1.8314,1.8434,1.8247,1.8349,XCD
2019-09-05,1.842,1.8513,1.8347,1.8395,XCD
2019-09-06,1.8469,1.8568,1.8389,1.8416,XCD
2019-09-09,1.8499,1.8638,1.8484,1.8525,XCD
2019-09-10,1.8596,1.8621,1.844,1.8456,XCD
2019-09-11,1.8456,1.866,1.8449,1.8525,XCD
2019-09-12,1.8596,1.8687,1.8523,1.8538,XCD
2019-09-13,1.8607,1.8676,1.8448,1.8499,XCD
2019-09-16,1.8612,1.8666,1.8487,1.8533,XCD
2019-09-17,1.8605,1.8622,1.8463,1.8533,XCD
2019-09-18,1.8607,1.8619,1.8398,1.8296,XCD
2019-09-19,1.8401,1.8519,1.8332,1.827,XCD
2019-09-20,1.8372,1.8456,1.8287,1.8274,XCD
2019-09-23,1.8348,1.8381,1.8246,1.8287,XCD
2019-09-24,1.8356,1.8446,1.8272,1.8295,XCD
2019-09-25,1.8399,1.8441,1.8232,1.8225,XCD
2019-09-26,1.8297,1.8381,1.8189,1.822,XCD
2019-09-27,1.8287,1.8375,1.8216,1.8266,XCD
2019-09-30,1.8301,1.8349,1.8233,1.8214,XCD
2019-10-01,1.8292,1.8329,1.8046,1.8095,XCD
2019-10-02,1.817,1.821,1.8036,1.8098,XCD
2019-10-03,1.8174,1.8305,1.8101,1.8201,XCD
2019-10-04,1.8274,1.8362,1.8198,1.8274,XCD
2019-10-07,1.8344,1.8353,1.8182,1.8174,XCD
2019-10-08,1.8246,1.8316,1.8164,1.8166,XCD
2019-10-09,1.8234,1.8293,1.8158,1.8152,XCD
2019-10-10,1.8227,1.8362,1.8151,1.8255,XCD
2019-10-11,1.8322,1.8459,1.825,1.8325,XCD
2019-10-14,1.8353,1.8434,1.826,1.829,XCD
2019-10-15,1.8357,1.84,1.8201,1.823,XCD
2019-10-16,1.83,1.8338,1.8161,1.8241,XCD
2019-10-17,1.8314,1.8521,1.8236,1.8422,XCD
2019-10-18,1.8493,1.8585,1.8392,1.8509,XCD
2019-10-21,1.8511,1.8649,1.847,1.8538,XCD
2019-10-22,1.8611,1.8654,1.8516,1.8509,XCD
2019-10-23,1.8577,1.86,1.8444,1.8435,XCD
2019-10-24,1.8539,1.8552,1.8412,1.8338,XCD
2019-10-25,1.8447,1.8527,1.8374,1.8351,XCD
2019-10-28,1.8458,1.852,1.8388,1.8394,XCD
2019-10-29,1.8499,1.8592,1.8439,1.8464,XCD
2019-10-30,1.8566,1.8679,1.8466,1.8566,XCD
2019-10-31,1.8676,1.8747,1.8513,1.8542,XCD
2019-11-01,1.8648,1.8724,1.8595,1.8596,XCD
2019-11-04,1.8687,1.8736,1.8593,1.8515,XCD
2019-11-05,1.8621,1.8779,1.8572,1.8611,XCD
2019-11-06,1.8681,1.8722,1.8587,1.8581,XCD
2019-11-07,1.8652,1.8738,1.856,1.8622,XCD
2019-11-08,1.8693,1.8718,1.8522,1.8519,XCD
2019-11-11,1.8608,1.8621,1.8522,1.8495,XCD
2019-11-12,1.8563,1.8586,1.8438,1.8468,XCD
2019-11-13,1.8539,1.8588,1.8385,1.8392,XCD
2019-11-14,1.8497,1.8543,1.8285,1.8322,XCD
2019-11-15,1.8392,1.8496,1.8321,1.8411,XCD
2019-11-18,1.8427,1.8496,1.8345,1.8382,XCD
2019-11-19,1.8463,1.8525,1.8348,1.8428,XCD
2019-11-20,1.8499,1.8516,1.8357,1.8365,XCD
2019-11-21,1.8436,1.847,1.834,1.8317,XCD
2019-11-22,1.8391,1.844,1.8247,1.8322,XCD
2019-11-25,1.8374,1.8434,1.8281,1.8298,XCD
2019-11-26,1.8371,1.8419,1.8278,1.8325,XCD
2019-11-27,1.8397,1.8408,1.8297,1.8293,XCD
2019-11-28,1.8363,1.8372,1.8271,1.8274,XCD
2019-11-29,1.8349,1.8376,1.8254,1.8263,XCD
2019-12-02,1.8321,1.8499,1.8279,1.8406,XCD
2019-12-03,1.8478,1.86,1.8405,1.8484,XCD
2019-12-04,1.8556,1.8582,1.844,1.8492,XCD
2019-12-05,1.8561,1.8582,1.8451,1.8449,XCD
2019-12-06,1.8518,1.8586,1.8442,1.8463,XCD
2019-12-09,1.8415,1.8541,1.8395,1.8419,XCD
2019-12-10,1.8491,1.8533,1.8361,1.8384,XCD
2019-12-11,1.8453,1.8673,1.8378,1.856,XCD
2019-12-12,1.8632,1.8738,1.8555,1.8652,XCD
2019-12-13,1.8721,1.8807,1.8505,1.8563,XCD
2019-12-16,1.8639,1.8698,1.8499,1.8587,XCD
2019-12-17,1.8658,1.8663,1.8497,1.8495,XCD
2019-12-18,1.8566,1.8606,1.8482,1.85,XCD
2019-12-19,1.8571,1.8671,1.8463,1.8587,XCD
2019-12-20,1.8663,1.8721,1.8569,1.8625,XCD
2019-12-23,1.8652,1.8779,1.8636,1.8687,XCD
2019-12-24,1.8759,1.8785,1.8675,1.8684,XCD
2019-12-25,1.8753,1.8771,1.8683,1.8681,XCD
2019-12-26,1.8764,1.8836,1.8684,1.8752,XCD
2019-12-27,1.8822,1.8939,1.8749,1.8838,XCD
2019-12-30,1.8874,1.8987,1.8849,1.8884,XCD
2019-12-31,1.8957,1.9059,1.888,1.8957,XCD
2020-01-01,1.903,1.9054,1.8941,1.8946,XCD
2020-01-02,1.9017,1.9025,1.8854,1.8878,XCD
2020-01-03,1.8953,1.8969,1.8712,1.8754,XCD
2020-01-06,1.88,1.8859,1.8731,1.8735,XCD
2020-01-07,1.8807,1.8816,1.8528,1.8544,XCD
2020-01-08,1.8609,1.8663,1.8492,1.8533,XCD
2020-01-09,1.8607,1.8649,1.8513,1.8517,XCD
2020-01-10,1.8585,1.8733,1.8513,1.8633,XCD
2020-01-13,1.8691,1.8755,1.862,1.8638,XCD
2020-01-14,1.8707,1.8728,1.862,1.8633,XCD
2020-01-15,1.87,1.8747,1.8592,1.8635,XCD
2020-01-16,1.8708,1.8794,1.8571,1.8625,XCD
2020-01-17,1.8693,1.8733,1.8586,1.8554,XCD
2020-01-20,1.8615,1.8672,1.8546,1.8554,XCD
2020-01-21,1.8627,1.8649,1.8507,1.8479,XCD
2020-01-22,1.855,1.8584,1.8452,1.8479,XCD
2020-01-23,1.8549,1.8643,1.8453,1.8484,XCD
2020-01-24,1.8556,1.8586,1.842,1.8367,XCD
2020-01-27,1.8439,1.8492,1.8256,1.8252,XCD
2020-01-28,1.8321,1.8338,1.8221,1.8257,XCD
2020-01-29,1.8325,1.837,1.8217,1.8233,XCD
2020-01-30,1.8303,1.8311,1.8127,1.8141,XCD
2020-01-31,1.8217,1.824,1.8024,1.7999,XCD
2020-02-03,1.8098,1.818,1.8051,1.8066,XCD
2020-02-04,1.8135,1.8273,1.8056,1.8193,XCD
2020-02-05,1.826,1.8362,1.8167,1.8212,XCD
2020-02-06,1.8284,1.8334,1.819,1.8171,XCD
2020-02-07,1.8238,1.8259,1.8011,1.8014,XCD
2020-02-10,1.8069,1.818,1.8009,1.8052,XCD
2020-02-11,1.812,1.8259,1.8047,1.8125,XCD
2020-02-12,1.8195,1.8297,1.8123,1.819,XCD
2020-02-13,1.826,1.8282,1.8152,1.8071,XCD
2020-02-14,1.8173,1.8247,1.8121,1.8125,XCD
2020-02-17,1.8156,1.825,1.8152,1.8125,XCD
2020-02-18,1.8195,1.8202,1.8005,1.8047,XCD
2020-02-19,1.8122,1.818,1.8022,1.8023,XCD
2020-02-20,1.8087,1.8149,1.7879,1.7861,XCD
2020-02-21,1.793,1.7996,1.7789,1.7893,XCD
2020-02-24,1.7931,1.7953,1.7795,1.7831,XCD
2020-02-25,1.7898,1.795,1.7759,1.7834,XCD
2020-02-26,1.7895,1.7909,1.7706,1.7666,XCD
2020-02-27,1.7734,1.7866,1.7666,1.7734,XCD
2020-02-28,1.7802,1.785,1.7402,1.7509,XCD
2020-03-02,1.7549,1.7803,1.7466,1.7655,XCD
2020-03-03,1.7723,1.8012,1.7616,1.7771,XCD
2020-03-04,1.7839,1.7965,1.7774,1.789,XCD
2020-03-05,1.7959,1.7989,1.776,1.7858,XCD
2020-03-06,1.7924,1.8045,1.7822,1.7958,XCD
2020-03-09,1.7945,1.812,1.7129,1.7782,XCD
2020-03-10,1.7858,1.7924,1.7483,1.7564,XCD
2020-03-11,1.7636,1.7724,1.7533,1.7507,XCD
2020-03-12,1.7574,1.7597,1.6836,1.6837,XCD
2020-03-13,1.6899,1.7148,1.6582,1.6691,XCD
2020-03-16,1.6596,1.7072,1.6385,1.6455,XCD
2020-03-17,1.6545,1.6667,1.6116,1.6195,XCD
2020-03-18,1.6257,1.6338,1.5448,1.5582,XCD
2020-03-19,1.5642,1.6164,1.4924,1.5501,XCD
2020-03-20,1.5562,1.6226,1.535,1.5655,XCD
2020-03-23,1.5716,1.5838,1.5423,1.5733,XCD
2020-03-24,1.5803,1.6195,1.5737,1.6084,XCD
2020-03-25,1.6142,1.646,1.6063,1.6087,XCD
2020-03-26,1.615,1.65,1.5886,1.6373,XCD
2020-03-27,1.6439,1.6804,1.6295,1.6646,XCD
2020-03-30,1.6631,1.6763,1.6533,1.6654,XCD
2020-03-31,1.6731,1.6841,1.6426,1.6565,XCD
2020-04-01,1.662,1.6731,1.6322,1.6389,XCD
2020-04-02,1.645,1.6587,1.6247,1.6359,XCD
2020-04-03,1.6422,1.6469,1.6121,1.6187,XCD
2020-04-06,1.6258,1.655,1.6204,1.6432,XCD
2020-04-07,1.6499,1.6826,1.6432,1.6654,XCD
2020-04-08,1.6717,1.6927,1.6536,1.6821,XCD
2020-04-09,1.6879,1.7227,1.6787,1.711,XCD
2020-04-10,1.7184,1.7262,1.7098,1.7134,XCD
2020-04-13,1.7166,1.7371,1.7089,1.7223,XCD
2020-04-14,1.7296,1.7467,1.7209,1.7388,XCD
2020-04-15,1.7458,1.7464,1.7004,1.7059,XCD
2020-04-16,1.7125,1.7165,1.6934,1.7086,XCD
2020-04-17,1.7145,1.7305,1.7045,1.7175,XCD
2020-04-20,1.7196,1.734,1.711,1.7105,XCD
2020-04-21,1.7171,1.7203,1.6921,1.6956,XCD
2020-04-22,1.7019,1.7215,1.6952,1.7072,XCD
2020-04-23,1.7137,1.7344,1.7022,1.7069,XCD
2020-04-24,1.717,1.7342,1.7153,1.724,XCD
2020-04-27,1.7277,1.7541,1.7253,1.7453,XCD
2020-04-28,1.7521,1.7657,1.7407,1.7523,XCD
2020-04-29,1.7591,1.7773,1.7492,1.7699,XCD
2020-04-30,1.7771,1.7806,1.7457,1.7577,XCD
2020-05-01,1.7645,1.7651,1.7339,1.7262,XCD
2020-05-04,1.7368,1.7441,1.7242,1.735,XCD
2020-05-05,1.7423,1.7534,1.7269,1.7297,XCD
2020-05-06,1.7395,1.7458,1.7138,1.7155,XCD
2020-05-07,1.7152,1.76,1.7121,1.7461,XCD
2020-05-08,1.7569,1.7748,1.7496,1.7563,XCD
2020-05-11,1.7661,1.7785,1.7445,1.7518,XCD
2020-05-12,1.7588,1.7694,1.7404,1.7337,XCD
2020-05-13,1.7445,1.7651,1.7239,1.7268,XCD
2020-05-14,1.726,1.7529,1.7198,1.738,XCD
2020-05-15,1.7479,1.7516,1.7249,1.7256,XCD
2020-05-18,1.738,1.7693,1.7336,1.7609,XCD
2020-05-19,1.768,1.7847,1.7563,1.7582,XCD
2020-05-20,1.7686,1.7933,1.7624,1.7812,XCD
2020-05-21,1.7879,1.7887,1.7708,1.7723,XCD
2020-05-22,1.7792,1.7826,1.7507,1.7645,XCD
2020-05-25,1.7636,1.7753,1.763,1.7669,XCD
2020-05-26,1.7734,1.8094,1.7658,1.7958,XCD
2020-05-27,1.803,1.8104,1.777,1.7874,XCD
2020-05-28,1.7943,1.8072,1.7824,1.7917,XCD
2020-05-29,1.7987,1.8115,1.7888,1.7998,XCD
2020-06-01,1.8008,1.844,1.7976,1.8352,XCD
2020-06-02,1.8421,1.8698,1.8325,1.8617,XCD
2020-06-03,1.8685,1.8928,1.8491,1.8681,XCD
2020-06-04,1.8743,1.8939,1.8599,1.8743,XCD
2020-06-05,1.8813,1.9008,1.8731,1.8814,XCD
2020-06-08,1.8854,1.9052,1.88,1.8951,XCD
2020-06-09,1.9022,1.9087,1.867,1.8789,XCD
2020-06-10,1.8862,1.9139,1.8759,1.8892,XCD
2020-06-11,1.8965,1.8985,1.8506,1.8506,XCD
2020-06-12,1.8583,1.8733,1.8421,1.8527,XCD
2020-06-15,1.8504,1.8771,1.833,1.8679,XCD
2020-06-16,1.875,1.8909,1.8506,1.8606,XCD
2020-06-17,1.8663,1.8763,1.8542,1.8584,XCD
2020-06-18,1.865,1.8707,1.8431,1.8361,XCD
2020-06-19,1.8463,1.8735,1.846,1.8446,XCD
2020-06-22,1.8506,1.8748,1.8348,1.8574,XCD
2020-06-23,1.8689,1.8903,1.855,1.8708,XCD
2020-06-24,1.8794,1.887,1.8549,1.8544,XCD
2020-06-25,1.8626,1.8681,1.8518,1.859,XCD
2020-06-26,1.8664,1.8691,1.8491,1.8522,XCD
2020-06-29,1.8567,1.8678,1.8504,1.8533,XCD
2020-06-30,1.8605,1.8733,1.8498,1.8635,XCD
2020-07-01,1.8707,1.882,1.8626,1.8665,XCD
2020-07-02,1.874,1.8844,1.8654,1.862,XCD
2020-07-03,1.8727,1.8837,1.8672,1.873,XCD
2020-07-06,1.876,1.8939,1.8728,1.8819,XCD
2020-07-07,1.8894,1.8967,1.875,1.8754,XCD
2020-07-08,1.8827,1.8934,1.8722,1.8851,XCD
2020-07-09,1.8923,1.8975,1.8768,1.88,XCD
2020-07-10,1.8872,1.889,1.8749,1.876,XCD
2020-07-13,1.8841,1.8949,1.8781,1.8738,XCD
2020-07-14,1.8807,1.8912,1.8727,1.883,XCD
2020-07-15,1.8894,1.9076,1.8875,1.8919,XCD
2020-07-16,1.8987,1.9007,1.8745,1.8816,XCD
2020-07-17,1.8894,1.8988,1.8826,1.8887,XCD
2020-07-20,1.8947,1.902,1.8848,1.8935,XCD
2020-07-21,1.9008,1.9369,1.8978,1.9238,XCD
2020-07-22,1.9317,1.9467,1.9263,1.9273,XCD
2020-07-23,1.9347,1.9411,1.914,1.9162,XCD
2020-07-24,1.9236,1.931,1.9063,1.9178,XCD
2020-07-27,1.9192,1.9381,1.9165,1.9302,XCD
2020-07-28,1.9374,1.9451,1.9274,1.9324,XCD
2020-07-29,1.9398,1.95,1.9277,1.933,XCD
2020-07-30,1.9435,1.951,1.9263,1.9421,XCD
2020-07-31,1.9496,1.959,1.9299,1.9283,XCD
2020-08-03,1.933,1.939,1.9154,1.9232,XCD
2020-08-04,1.9306,1.9426,1.9231,1.9332,XCD
2020-08-05,1.9405,1.9627,1.9351,1.9416,XCD
2020-08-06,1.949,1.9621,1.9426,1.9529,XCD
2020-08-07,1.9601,1.9633,1.9329,1.9324,XCD
2020-08-10,1.9406,1.9471,1.9222,1.9302,XCD
2020-08-11,1.9379,1.9486,1.9288,1.9283,XCD
2020-08-12,1.9358,1.945,1.9234,1.9337,XCD
2020-08-13,1.9404,1.9483,1.9218,1.93,XCD
2020-08-14,1.9374,1.9448,1.9301,1.9362,XCD
2020-08-17,1.9377,1.959,1.9281,1.9478,XCD
2020-08-18,1.9552,1.9686,1.9489,1.9481,XCD
2020-08-19,1.9587,1.972,1.9454,1.9389,XCD
2020-08-20,1.9461,1.9521,1.9266,1.9416,XCD
2020-08-21,1.9493,1.9557,1.9315,1.9335,XCD
2020-08-24,1.9354,1.9527,1.9297,1.9335,XCD
2020-08-25,1.9412,1.9508,1.9345,1.9424,XCD
2020-08-26,1.9498,1.9623,1.9411,1.9524,XCD
2020-08-27,1.9599,1.976,1.9543,1.9597,XCD
2020-08-28,1.9685,1.9971,1.966,1.9888,XCD
2020-08-31,1.9901,2.0064,1.9844,1.9913,XCD
2020-09-01,1.9992,2.0094,1.9857,1.9902,XCD
2020-09-02,1.9978,2.0008,1.9749,1.981,XCD
2020-09-03,1.9889,1.9892,1.9563,1.9634,XCD
2020-09-04,1.971,1.9782,1.9556,1.9659,XCD
2020-09-07,1.9698,1.9782,1.9668,1.964,XCD
2020-09-08,1.972,1.9812,1.951,1.9475,XCD
2020-09-09,1.955,1.9754,1.9445,1.9661,XCD
2020-09-10,1.9734,1.9852,1.9589,1.9591,XCD
2020-09-11,1.9664,1.9802,1.9631,1.9664,XCD
2020-09-14,1.9687,1.9795,1.9652,1.9675,XCD
2020-09-15,1.9752,1.99,1.9668,1.9713,XCD
2020-09-16,1.9789,1.9909,1.9679,1.9724,XCD
2020-09-17,1.9805,1.9828,1.9647,1.9742,XCD
2020-09-18,1.9818,1.9878,1.9664,1.968,XCD
2020-09-21,1.9765,1.9852,1.9425,1.9502,XCD
2020-09-22,1.9583,1.9611,1.931,1.9356,XCD
2020-09-23,1.9433,1.9454,1.9124,1.91,XCD
2020-09-24,1.9166,1.9195,1.8993,1.9022,XCD
2020-09-25,1.9095,1.9207,1.8892,1.8973,XCD
2020-09-28,1.9011,1.9174,1.8958,1.9089,XCD
2020-09-29,1.9161,1.9348,1.9139,1.9243,XCD
2020-09-30,1.9322,1.9448,1.9224,1.9337,XCD
2020-10-01,1.9409,1.954,1.9323,1.9394,XCD
2020-10-02,1.9468,1.9486,1.9269,1.934,XCD
2020-10-05,1.9376,1.9497,1.9345,1.9383,XCD
2020-10-06,1.9461,1.9538,1.9223,1.9181,XCD
2020-10-07,1.9246,1.9383,1.9196,1.9273,XCD
2020-10-08,1.9352,1.9435,1.9274,1.9348,XCD
2020-10-09,1.9425,1.9633,1.9382,1.9545,XCD
2020-10-12,1.9542,1.9614,1.9484,1.9459,XCD
2020-10-13,1.9536,1.9552,1.9319,1.9329,XCD
2020-10-14,1.9406,1.949,1.936,1.9337,XCD
2020-10-15,1.9409,1.9438,1.9097,1.9148,XCD
2020-10-16,1.9224,1.9237,1.9135,1.9116,XCD
2020-10-19,1.9173,1.9284,1.9093,1.9081,XCD
2020-10-20,1.9154,1.9171,1.8958,1.9027,XCD
2020-10-21,1.9097,1.9344,1.9041,1.9213,XCD
2020-10-22,1.929,1.9313,1.9171,1.9216,XCD
2020-10-23,1.9289,1.9403,1.921,1.9265,XCD
2020-10-26,1.9284,1.9369,1.9219,1.9229,XCD
2020-10-27,1.9303,1.9373,1.9251,1.9246,XCD
2020-10-28,1.9311,1.9399,1.9045,1.9019,XCD
2020-10-29,1.9092,1.918,1.8963,1.8976,XCD
2020-10-30,1.9049,1.9169,1.898,1.897,XCD
2020-11-02,1.9025,1.9129,1.8918,1.9046,XCD
2020-11-03,1.9116,1.9447,1.902,1.9332,XCD
2020-11-04,1.9416,1.9573,1.9102,1.9367,XCD
2020-11-05,1.9466,1.9757,1.9361,1.9659,XCD
2020-11-06,1.9735,1.9752,1.9602,1.9589,XCD
2020-11-09,1.9626,1.9894,1.959,1.9661,XCD
2020-11-10,1.9746,1.9771,1.9637,1.9667,XCD
2020-11-11,1.974,1.9836,1.9615,1.9651,XCD
2020-11-12,1.9733,1.9768,1.9573,1.9524,XCD
2020-11-13,1.9599,1.9714,1.9547,1.9624,XCD
2020-11-16,1.9646,1.9857,1.9622,1.9759,XCD
2020-11-17,1.9835,1.9892,1.9733,1.9705,XCD
2020-11-18,1.9784,1.9871,1.9677,1.9724,XCD
2020-11-19,1.9798,1.9803,1.9599,1.9675,XCD
2020-11-20,1.975,1.9852,1.9662,1.9715,XCD
2020-11-23,1.976,1.9887,1.959,1.967,XCD
2020-11-24,1.9746,1.9969,1.9727,1.9872,XCD
2020-11-25,1.9949,1.9985,1.9833,1.988,XCD
2020-11-26,1.9957,1.9989,1.9897,1.9877,XCD
2020-11-27,1.9951,2.0055,1.9891,1.9942,XCD
2020-11-30,2.0034,2.0077,1.9854,1.9832,XCD
2020-12-01,1.9905,1.9985,1.9813,1.9896,XCD
2020-12-02,1.9976,2.0111,1.982,2.0021,XCD
2020-12-03,2.0089,2.019,2.0006,2.008,XCD
2020-12-04,2.016,2.0176,2.0009,2.0037,XCD
2020-12-07,2.0111,2.0201,1.9907,2.0034,XCD
2020-12-08,2.0111,2.0153,1.9982,2.001,XCD
2020-12-09,2.0087,2.0289,2.0038,2.0102,XCD
2020-12-10,2.0187,2.0435,2.0059,2.0339,XCD
2020-12-11,2.0419,2.0524,2.0301,2.0339,XCD
2020-12-14,2.0393,2.054,2.0329,2.035,XCD
2020-12-15,2.042,2.0522,2.0297,2.0404,XCD
2020-12-16,2.0485,2.054,2.04,2.0455,XCD
2020-12-17,2.0533,2.0705,2.0474,2.0577,XCD
2020-12-18,2.0656,2.0677,2.0505,2.0585,XCD
2020-12-21,2.0552,2.0617,2.022,2.048,XCD
2020-12-22,2.0552,2.0575,2.0336,2.0307,XCD
2020-12-23,2.0387,2.0576,2.0309,2.0444,XCD
2020-12-24,2.0526,2.0616,2.0474,2.049,XCD
2020-12-25,2.0588,2.0619,2.0496,2.0441,XCD
2020-12-28,2.0513,2.0661,2.0378,2.0461,XCD
2020-12-29,2.0536,2.0664,2.051,2.0534,XCD
2020-12-30,2.0612,2.0833,2.0568,2.0747,XCD
2020-12-31,2.083,2.0984,2.0775,2.0774,XCD
2021-01-01,2.0854,2.0882,2.0817,2.0801,XCD
2021-01-04,2.0873,2.0979,2.0692,2.069,XCD
2021-01-05,2.0775,2.108,2.0726,2.0944,XCD
2021-01-06,2.103,2.1195,2.0946,2.1063,XCD
2021-01-07,2.1144,2.1188,2.0887,2.0974,XCD
2021-01-08,2.1037,2.1137,2.0938,2.0949,XCD
2021-01-11,2.098,2.1023,2.0716,2.0787,XCD
2021-01-12,2.0861,2.108,2.0796,2.0979,XCD
2021-01-13,2.1062,2.1091,2.0825,2.0876,XCD
2021-01-14,2.0956,2.1156,2.0831,2.0998,XCD
2021-01-15,2.1079,2.111,2.0801,2.0795,XCD
2021-01-18,2.0847,2.091,2.0742,2.0733,XCD
2021-01-19,2.0815,2.0939,2.0759,2.0777,XCD
2021-01-20,2.0854,2.1033,2.0774,2.0914,XCD
2021-01-21,2.0992,2.1093,2.094,2.0882,XCD
2021-01-22,2.1005,2.1058,2.0729,2.0833,XCD
2021-01-25,2.0891,2.1,2.0759,2.0812,XCD
2021-01-26,2.0903,2.1017,2.0729,2.0906,XCD
2021-01-27,2.0984,2.1043,2.0658,2.0685,XCD
2021-01-28,2.0766,2.0863,2.0443,2.0733,XCD
2021-01-29,2.081,2.0882,2.0568,2.0633,XCD
2021-02-01,2.0718,2.077,2.0573,2.0571,XCD
2021-02-02,2.0653,2.0767,2.0468,2.0536,XCD
2021-02-03,2.0615,2.067,2.0477,2.0566,XCD
2021-02-04,2.0645,2.0729,2.0531,2.0517,XCD
2021-02-05,2.0598,2.0814,2.0515,2.0651,XCD
2021-02-08,2.071,2.0909,2.0598,2.079,XCD
2021-02-09,2.088,2.0979,2.0766,2.0893,XCD
2021-02-10,2.0974,2.1023,2.0875,2.0847,XCD
2021-02-11,2.0927,2.1063,2.0838,2.0928,XCD
2021-02-12,2.1008,2.1044,2.0796,2.0933,XCD
2021-02-15,2.1016,2.1111,2.0904,2.1003,XCD
2021-02-16,2.1084,2.1156,2.0882,2.0944,XCD
2021-02-17,2.1021,2.1063,2.0902,2.0922,XCD
2021-02-18,2.1007,2.1112,2.0934,2.0971,XCD
2021-02-19,2.1051,2.1349,2.0987,2.1168,XCD
2021-02-22,2.1265,2.1489,2.1204,2.1291,XCD
2021-02-23,2.1412,2.1505,2.1259,2.1357,XCD
2021-02-24,2.1439,2.1609,2.1364,2.1511,XCD
2021-02-25,2.1595,2.1703,2.1258,2.1176,XCD
2021-02-26,2.1293,2.1351,2.081,2.0804,XCD
2021-03-01,2.0862,2.1104,2.0786,2.0976,XCD
2021-03-02,2.1065,2.1242,2.093,2.1111,XCD
2021-03-03,2.1187,2.1246,2.1002,2.0993,XCD
2021-03-04,2.107,2.1181,2.0865,2.0858,XCD
2021-03-05,2.0946,2.0951,2.0632,2.0752,XCD
2021-03-08,2.0796,2.0919,2.0569,2.0652,XCD
2021-03-09,2.0737,2.0939,2.0622,2.082,XCD
2021-03-10,2.0912,2.0993,2.0735,2.0882,XCD
2021-03-11,2.0963,2.1123,2.0898,2.1025,XCD
2021-03-12,2.1109,2.1144,2.0819,2.0966,XCD
2021-03-15,2.0953,2.1075,2.0869,2.0936,XCD
2021-03-16,2.1016,2.1033,2.0891,2.0912,XCD
2021-03-17,2.0986,2.1165,2.0828,2.0966,XCD
2021-03-18,2.1091,2.1274,2.092,2.0941,XCD
2021-03-19,2.1027,2.1065,2.0841,2.0903,XCD
2021-03-22,2.0898,2.1023,2.0793,2.0909,XCD
2021-03-23,2.0993,2.1003,2.0641,2.0579,XCD
2021-03-24,2.0656,2.0695,2.0515,2.0471,XCD
2021-03-25,2.0547,2.0636,2.0336,2.0236,XCD
2021-03-26,2.0352,2.0719,2.0336,2.0615,XCD
2021-03-29,2.0701,2.0749,2.0584,2.0601,XCD
2021-03-30,2.0677,2.0773,2.0526,2.0504,XCD
2021-03-31,2.0588,2.0696,2.0535,2.0509,XCD
2021-04-01,2.0588,2.065,2.0389,2.0566,XCD
2021-04-02,2.0642,2.0701,2.0549,2.0536,XCD
2021-04-05,2.0569,2.0761,2.0517,2.0652,XCD
2021-04-06,2.0737,2.0783,2.0611,2.0687,XCD
2021-04-07,2.0766,2.0809,2.0559,2.0558,XCD
2021-04-08,2.0643,2.0747,2.0545,2.0584,XCD
2021-04-09,2.0701,2.0766,2.0536,2.0577,XCD
2021-04-12,2.0612,2.0695,2.0513,2.0579,XCD
2021-04-13,2.0659,2.0731,2.0539,2.0625,XCD
2021-04-14,2.0702,2.0972,2.0661,2.0844,XCD
2021-04-15,2.094,2.1037,2.0859,2.0925,XCD
2021-04-16,2.1009,2.1031,2.0862,2.0879,XCD
2021-04-19,2.0933,2.1099,2.0853,2.0944,XCD
2021-04-20,2.1033,2.1184,2.0858,2.0855,XCD
2021-04-21,2.0936,2.1037,2.08,2.093,XCD
2021-04-22,2.1008,2.1044,2.078,2.0809,XCD
2021-04-23,2.0875,2.1033,2.0824,2.0912,XCD
2021-04-26,2.0949,2.1183,2.0922,2.1057,XCD
2021-04-27,2.1133,2.1153,2.1,2.0963,XCD
2021-04-28,2.1043,2.1145,2.0833,2.1028,XCD
2021-04-29,2.1114,2.1188,2.0958,2.0963,XCD
2021-04-30,2.1044,2.1099,2.0827,2.0833,XCD
2021-05-03,2.0876,2.1049,2.081,2.0955,XCD
2021-05-04,2.1037,2.1046,2.0761,2.0804,XCD
2021-05-05,2.0884,2.1016,2.0849,2.0917,XCD
2021-05-06,2.0996,2.1107,2.0835,2.1003,XCD
2021-05-07,2.1084,2.1309,2.1005,2.1095,XCD
2021-05-10,2.1111,2.1388,2.1102,2.1141,XCD
2021-05-11,2.1222,2.1293,2.1102,2.1168,XCD
2021-05-12,2.1252,2.1268,2.0882,2.0858,XCD
2021-05-13,2.0933,2.0996,2.0833,2.0868,XCD
2021-05-14,2.0944,2.1107,2.0847,2.0984,XCD
2021-05-17,2.1045,2.1112,2.0924,2.096,XCD
2021-05-18,2.1033,2.1177,2.1017,2.1036,XCD
2021-05-19,2.1119,2.1134,2.0847,2.086,XCD
2021-05-20,2.0946,2.1091,2.0856,2.0993,XCD
2021-05-21,2.1073,2.1093,2.083,2.0876,XCD
2021-05-24,2.0915,2.1026,2.0808,2.093,XCD
2021-05-25,2.1008,2.1077,2.0886,2.0925,XCD
2021-05-26,2.1003,2.1131,2.0903,2.0895,XCD
2021-05-27,2.0975,2.1026,2.0856,2.0914,XCD
2021-05-28,2.0984,2.1,2.0765,2.0825,XCD
2021-05-31,2.0894,2.0966,2.0754,2.0799,XCD
2021-06-01,2.0923,2.1056,2.085,2.0936,XCD
2021-06-02,2.1019,2.1068,2.083,2.093,XCD
2021-06-03,2.1014,2.1017,2.0629,2.0677,XCD
2021-06-04,2.0756,2.0993,2.0626,2.089,XCD
2021-06-07,2.0941,2.1047,2.0854,2.0933,XCD
2021-06-08,2.1027,2.1042,2.0812,2.0821,XCD
2021-06-09,2.0937,2.1031,2.0847,2.0791,XCD
2021-06-10,2.0914,2.1043,2.0884,2.093,XCD
2021-06-11,2.1016,2.1075,2.0693,2.0806,XCD
2021-06-14,2.0881,2.0939,2.0751,2.082,XCD
2021-06-15,2.09,2.0914,2.0704,2.075,XCD
2021-06-16,2.0835,2.0912,2.0598,2.0547,XCD
2021-06-17,2.0626,2.0721,2.0401,2.0385,XCD
2021-06-18,2.0468,2.0494,2.0241,2.0188,XCD
2021-06-21,2.0244,2.0454,2.0224,2.0345,XCD
2021-06-22,2.0414,2.0503,2.028,2.0318,XCD
2021-06-23,2.0435,2.0597,2.0331,2.0453,XCD
2021-06-24,2.0493,2.0576,2.0473,2.0471,XCD
2021-06-25,2.0547,2.0643,2.0506,2.0482,XCD
2021-06-28,2.0563,2.0614,2.0384,2.0431,XCD
2021-06-29,2.0509,2.0519,2.0308,2.028,XCD
2021-06-30,2.0357,2.0403,2.0266,2.0245,XCD
2021-07-01,2.0319,2.035,2.0166,2.0169,XCD
2021-07-02,2.0243,2.0419,2.0157,2.032,XCD
2021-07-05,2.0352,2.0429,2.0319,2.0328,XCD
2021-07-06,2.0406,2.0597,2.0239,2.0239,XCD
2021-07-07,2.0319,2.0422,2.0209,2.0199,XCD
2021-07-08,2.0277,2.0298,2.0073,2.0056,XCD
2021-07-09,2.0133,2.0312,2.0048,2.021,XCD
2021-07-12,2.0239,2.0317,2.0173,2.0183,XCD
2021-07-13,2.0257,2.0336,2.0098,2.011,XCD
2021-07-14,2.0182,2.0289,2.0115,2.0196,XCD
2021-07-15,2.0273,2.0292,2.0052,2.0053,XCD
2021-07-16,2.013,2.0173,2.0001,1.9985,XCD
2021-07-19,2.0058,2.01,1.9817,1.9823,XCD
2021-07-20,1.9902,1.9942,1.975,1.9788,XCD
2021-07-21,1.987,1.9954,1.9747,1.9867,XCD
2021-07-22,1.9943,2.005,1.9841,1.9847,XCD
2021-07-23,1.9969,2.0059,1.9906,1.9888,XCD
2021-07-26,1.9928,2.0031,1.985,1.9926,XCD
2021-07-27,2.0017,2.0026,1.9872,1.9872,XCD
2021-07-28,1.9951,2.0006,1.9783,1.9915,XCD
2021-07-29,1.9992,2.0094,1.9878,1.9967,XCD
2021-07-30,2.0038,2.0069,1.9835,1.9829,XCD
2021-08-02,1.9858,2.0008,1.9822,1.9872,XCD
2021-08-03,1.9956,2.008,1.9905,1.9964,XCD
2021-08-04,2.0046,2.0129,1.9943,1.9923,XCD
2021-08-05,2.0003,2.0097,1.9915,1.9991,XCD
2021-08-06,2.0075,2.0076,1.9879,1.9853,XCD
2021-08-09,1.9907,1.997,1.9783,1.9799,XCD
2021-08-10,1.9878,1.9937,1.976,1.9845,XCD
2021-08-11,1.9913,2.0015,1.9798,1.9904,XCD
2021-08-12,1.9984,1.9993,1.9761,1.9802,XCD
2021-08-13,1.9878,2.0006,1.9833,1.9896,XCD
2021-08-16,1.9932,1.9984,1.9738,1.981,XCD
2021-08-17,1.9881,1.9899,1.9539,1.9578,XCD
2021-08-18,1.9648,1.9703,1.9559,1.9524,XCD
2021-08-19,1.9603,1.9631,1.9287,1.9294,XCD
2021-08-20,1.9368,1.9397,1.9214,1.9262,XCD
2021-08-23,1.9277,1.9562,1.9235,1.9462,XCD
2021-08-24,1.9539,1.9707,1.9492,1.9594,XCD
2021-08-25,1.9669,1.9733,1.9523,1.9643,XCD
2021-08-26,1.9718,1.9732,1.9574,1.9532,XCD
2021-08-27,1.961,1.983,1.9548,1.974,XCD
2021-08-30,1.9773,1.9844,1.9662,1.9694,XCD
2021-08-31,1.9772,1.9899,1.9714,1.9751,XCD
2021-09-01,1.9827,2.0012,1.974,1.9883,XCD
2021-09-02,1.9964,2.0082,1.99,1.9977,XCD
2021-09-03,2.0054,2.0267,2.0002,2.0137,XCD
2021-09-06,2.022,2.0231,2.0089,2.0085,XCD
2021-09-07,2.0162,2.0243,1.9898,1.9937,XCD
2021-09-08,2.0017,2.0069,1.9885,1.9883,XCD
2021-09-09,1.9957,2.0042,1.9885,1.9888,XCD
2021-09-10,1.9967,2.0083,1.988,1.9859,XCD
2021-09-13,1.9907,1.9991,1.9859,1.9888,XCD
2021-09-14,1.9969,1.9986,1.9792,1.9759,XCD
2021-09-15,1.9845,1.9892,1.976,1.9802,XCD
2021-09-16,1.9875,1.9911,1.9685,1.968,XCD
2021-09-17,1.9758,1.9845,1.9655,1.9616,XCD
2021-09-20,1.9699,1.9718,1.9516,1.9575,XCD
2021-09-21,1.964,1.9741,1.9542,1.9524,XCD
2021-09-22,1.9593,1.9776,1.9547,1.9562,XCD
2021-09-23,1.9637,1.9828,1.9542,1.9697,XCD
2021-09-24,1.9775,1.983,1.959,1.9602,XCD
2021-09-27,1.9635,1.9771,1.95,1.967,XCD
2021-09-28,1.9748,1.9817,1.9554,1.9537,XCD
2021-09-29,1.961,1.969,1.9404,1.9373,XCD
2021-09-30,1.9452,1.967,1.9425,1.951,XCD
2021-10-01,1.958,1.9722,1.9489,1.9591,XCD
2021-10-04,1.9648,1.9798,1.9612,1.9586,XCD
2021-10-05,1.9706,1.9792,1.9632,1.9686,XCD
2021-10-06,1.975,1.9774,1.9577,1.9634,XCD
2021-10-07,1.971,1.9852,1.9672,1.9742,XCD
2021-10-08,1.9821,1.9891,1.973,1.9726,XCD
2021-10-11,1.9784,1.9982,1.9725,1.9848,XCD
2021-10-12,1.9924,2.0015,1.9804,1.9842,XCD
2021-10-13,1.9921,2.0008,1.9818,1.9921,XCD
2021-10-14,1.9998,2.0129,1.9933,2.0021,XCD
2021-10-15,2.0097,2.0165,2.0024,2.0042,XCD
2021-10-18,2.0114,2.0149,1.9978,2.0007,XCD
2021-10-19,2.0087,2.029,2.0048,2.0169,XCD
2021-10-20,2.0252,2.0389,2.0212,2.0291,XCD
2021-10-21,2.0366,2.0454,2.0205,2.0158,XCD
2021-10-22,2.0236,2.0361,2.0163,2.0153,XCD
2021-10-25,2.0203,2.0344,2.0182,2.0226,XCD
2021-10-26,2.0301,2.0397,2.0261,2.0247,XCD
2021-10-27,2.0327,2.0424,2.0273,2.0288,XCD
2021-10-28,2.0371,2.0478,2.0239,2.0369,XCD
2021-10-29,2.0447,2.0478,2.0287,2.0307,XCD
2021-11-01,2.0351,2.0426,2.0274,2.0315,XCD
2021-11-02,2.0393,2.0415,2.0083,2.0056,XCD
2021-11-03,2.0133,2.0215,2.0036,2.0102,XCD
2021-11-04,2.0185,2.0248,1.9942,1.9972,XCD
2021-11-05,2.0059,2.009,1.9927,1.9983,XCD
2021-11-08,2.0059,2.0142,1.9983,2.0037,XCD
2021-11-09,2.012,2.0142,1.9928,1.9913,XCD
2021-11-10,1.9992,2.0039,1.9818,1.978,XCD
2021-11-11,1.9856,1.9899,1.972,1.9694,XCD
2021-11-12,1.9777,1.9882,1.9683,1.9796,XCD
2021-11-15,1.9871,1.9977,1.9799,1.9834,XCD
2021-11-16,1.9911,1.997,1.974,1.9715,XCD
2021-11-17,1.9792,1.9802,1.9643,1.9618,XCD
2021-11-18,1.9699,1.9768,1.9629,1.9643,XCD
2021-11-19,1.9728,1.9763,1.9557,1.9532,XCD
2021-11-22,1.957,1.9715,1.9533,1.9502,XCD
2021-11-23,1.9581,1.9613,1.9506,1.9513,XCD
2021-11-24,1.9588,1.9593,1.9434,1.9427,XCD
2021-11-25,1.9504,1.954,1.9428,1.9413,XCD
2021-11-26,1.9485,1.9512,1.9258,1.9232,XCD
2021-11-29,1.9286,1.9405,1.926,1.9278,XCD
2021-11-30,1.9361,1.9435,1.9125,1.9232,XCD
2021-12-01,1.9311,1.9441,1.9224,1.9181,XCD
2021-12-02,1.9258,1.9296,1.9165,1.9151,XCD
2021-12-03,1.9226,1.9245,1.8917,1.8903,XCD
2021-12-06,1.8929,1.9121,1.892,1.9032,XCD
2021-12-07,1.9107,1.9306,1.9058,1.9219,XCD
2021-12-08,1.9293,1.9471,1.9251,1.9362,XCD
2021-12-09,1.9436,1.948,1.9309,1.9302,XCD
2021-12-10,1.9376,1.9467,1.9326,1.9362,XCD
2021-12-13,1.9361,1.9451,1.9246,1.9248,XCD
2021-12-14,1.9323,1.934,1.9194,1.9175,XCD
2021-12-15,1.9246,1.9453,1.9192,1.9351,XCD
2021-12-16,1.9431,1.9579,1.9342,1.9394,XCD
2021-12-17,1.9467,1.9476,1.9287,1.9235,XCD
2021-12-20,1.9338,1.9373,1.9191,1.9194,XCD
2021-12-21,1.9274,1.9397,1.918,1.9316,XCD
2021-12-22,1.9382,1.9571,1.9292,1.9475,XCD
2021-12-23,1.955,1.9656,1.947,1.9548,XCD
2021-12-24,1.9628,1.9641,1.9525,1.9502,XCD
2021-12-27,1.9573,1.9634,1.9505,1.954,XCD
2021-12-28,1.9607,1.9687,1.953,1.9516,XCD
2021-12-29,1.9591,1.9708,1.9528,1.958,XCD
2021-12-30,1.9645,1.9721,1.9599,1.9575,XCD
2021-12-31,1.965,1.9724,1.9605,1.9602,XCD
2022-01-03,1.968,1.9725,1.9434,1.9416,XCD
2022-01-04,1.9496,1.9648,1.9438,1.9543,XCD
2022-01-05,1.9619,1.9711,1.9518,1.9491,XCD
2022-01-06,1.9568,1.9577,1.934,1.9332,XCD
2022-01-07,1.9409,1.9481,1.9319,1.9381,XCD
2022-01-10,1.9395,1.9521,1.9338,1.9354,XCD
2022-01-11,1.9428,1.9552,1.9357,1.9464,XCD
2022-01-12,1.9539,1.9765,1.9489,1.9667,XCD
2022-01-13,1.9744,1.9825,1.9678,1.9659,XCD
2022-01-14,1.9739,1.977,1.9472,1.9456,XCD
2022-01-17,1.9546,1.9595,1.9462,1.9467,XCD
2022-01-18,1.9536,1.9592,1.9395,1.9391,XCD
2022-01-19,1.947,1.962,1.9417,1.9467,XCD
2022-01-20,1.9543,1.9722,1.9497,1.9508,XCD
2022-01-21,1.9585,1.96,1.9414,1.9394,XCD
2022-01-24,1.9412,1.9483,1.9187,1.9278,XCD
2022-01-25,1.9355,1.9447,1.9268,1.9305,XCD
2022-01-26,1.9374,1.9464,1.921,1.9208,XCD
2022-01-27,1.9284,1.9303,1.9001,1.8984,XCD
2022-01-28,1.9054,1.9097,1.885,1.8862,XCD
2022-01-31,1.8935,1.9179,1.8889,1.9073,XCD
2022-02-01,1.9157,1.9326,1.9032,1.924,XCD
2022-02-02,1.9317,1.9403,1.9261,1.9267,XCD
2022-02-03,1.9334,1.943,1.924,1.9278,XCD
2022-02-04,1.9352,1.9385,1.9075,1.9105,XCD
2022-02-07,1.9143,1.9325,1.9109,1.9238,XCD
2022-02-08,1.9306,1.9373,1.9242,1.9292,XCD
2022-02-09,1.9367,1.95,1.9318,1.9381,XCD
2022-02-10,1.9455,1.9647,1.9346,1.9346,XCD
2022-02-11,1.942,1.9476,1.9254,1.9265,XCD
2022-02-14,1.9331,1.9381,1.9202,1.9238,XCD
2022-02-15,1.9314,1.9397,1.9225,1.9308,XCD
2022-02-16,1.9381,1.9528,1.9325,1.9418,XCD
2022-02-17,1.95,1.9562,1.9373,1.9394,XCD
2022-02-18,1.9475,1.9578,1.938,1.9367,XCD
2022-02-21,1.9395,1.9577,1.9374,1.9413,XCD
2022-02-22,1.9483,1.9605,1.9422,1.9491,XCD
2022-02-23,1.9567,1.9744,1.9524,1.9529,XCD
2022-02-24,1.9607,1.9609,1.9219,1.9337,XCD
2022-02-25,1.9411,1.9617,1.9346,1.9526,XCD
2022-02-28,1.9471,1.9692,1.9346,1.9607,XCD
2022-03-01,1.9678,1.9758,1.959,1.9572,XCD
2022-03-02,1.9649,1.9803,1.9617,1.9699,XCD
2022-03-03,1.9772,1.9916,1.9691,1.9788,XCD
2022-03-04,1.9862,2.0004,1.9782,1.9899,XCD
2022-03-07,1.9976,2.0131,1.9791,1.9753,XCD
2022-03-08,1.9832,1.9918,1.96,1.9618,XCD
2022-03-09,1.9699,1.9887,1.9656,1.9769,XCD
2022-03-10,1.9845,1.9969,1.9733,1.9864,XCD
2022-03-11,1.9927,1.9969,1.971,1.9683,XCD
2022-03-14,1.9756,1.979,1.9442,1.9405,XCD
2022-03-15,1.948,1.959,1.9404,1.9429,XCD
2022-03-16,1.9502,1.9776,1.9434,1.968,XCD
2022-03-17,1.976,2.0038,1.9706,1.991,XCD
2022-03-18,1.9989,2.0106,1.992,2.0015,XCD
2022-03-21,2.0021,2.0123,1.9967,1.998,XCD
2022-03-22,2.0057,2.025,1.9955,2.0161,XCD
2022-03-23,2.0241,2.0347,2.0155,2.0242,XCD
2022-03-24,2.0319,2.0403,2.0229,2.0282,XCD
2022-03-25,2.036,2.0428,2.0292,2.0282,XCD
2022-03-28,2.0173,2.0436,2.014,2.0218,XCD
2022-03-29,2.0299,2.0378,2.0186,2.0282,XCD
2022-03-30,2.0344,2.0426,2.0297,2.0274,XCD
2022-03-31,2.035,2.0397,2.0225,2.0196,XCD
2022-04-01,2.0279,2.0394,2.0215,2.0247,XCD
2022-04-04,2.0266,2.048,2.0241,2.0363,XCD
2022-04-05,2.0442,2.0766,2.0385,2.0463,XCD
2022-04-06,2.0536,2.0581,2.0273,2.0285,XCD
2022-04-07,2.0363,2.0379,2.0197,2.0193,XCD
2022-04-08,2.0272,2.0308,2.0086,2.0129,XCD
2022-04-11,2.0206,2.0233,2.0055,2.0023,XCD
2022-04-12,2.0108,2.031,2.0024,2.0139,XCD
2022-04-13,2.0217,2.0261,2.0003,2.011,XCD
2022-04-14,2.0182,2.0243,2.0029,2.0023,XCD
2022-04-15,2.0106,2.0127,1.9994,1.9972,XCD
2022-04-18,2.0017,2.0052,1.9869,1.9834,XCD
2022-04-19,1.9913,2.0058,1.9882,1.9899,XCD
2022-04-20,1.9986,2.0213,1.9942,2.0104,XCD
2022-04-21,2.0189,2.0214,1.9929,1.9902,XCD
2022-04-22,1.9984,2.0,1.9575,1.9543,XCD
2022-04-25,1.9663,1.9663,1.9307,1.9378,XCD
2022-04-26,1.9453,1.9593,1.9291,1.9227,XCD
2022-04-27,1.9303,1.9489,1.9217,1.924,XCD
2022-04-28,1.931,1.9413,1.9085,1.9154,XCD
2022-04-29,1.9222,1.9461,1.9125,1.907,XCD
2022-05-02,1.9131,1.9196,1.9023,1.9024,XCD
2022-05-03,1.9108,1.9373,1.9096,1.9154,XCD
2022-05-04,1.9227,1.9692,1.9187,1.9607,XCD
2022-05-05,1.9677,1.9695,1.9146,1.9129,XCD
2022-05-06,1.9238,1.934,1.9112,1.9108,XCD
2022-05-09,1.9145,1.9165,1.8795,1.8779,XCD
2022-05-10,1.8851,1.8936,1.8708,1.8725,XCD
2022-05-11,1.8802,1.9119,1.8744,1.8661,XCD
2022-05-12,1.8767,1.8846,1.8491,1.8506,XCD
2022-05-13,1.8581,1.8813,1.854,1.8735,XCD
2022-05-16,1.8775,1.8923,1.8589,1.8819,XCD
2022-05-17,1.8891,1.9082,1.8844,1.8978,XCD
2022-05-18,1.9049,1.91,1.8822,1.8779,XCD
2022-05-19,1.8848,1.9169,1.8805,1.9027,XCD
2022-05-20,1.9105,1.9172,1.8949,1.8989,XCD
2022-05-23,1.9081,1.9318,1.9045,1.9184,XCD
2022-05-24,1.9266,1.9279,1.9102,1.9178,XCD
2022-05-25,1.9252,1.9296,1.9031,1.9151,XCD
2022-05-26,1.9224,1.927,1.9114,1.9165,XCD
2022-05-27,1.9234,1.9425,1.9176,1.9332,XCD
2022-05-30,1.9357,1.9513,1.9338,1.9429,XCD
2022-05-31,1.9506,1.9524,1.9338,1.937,XCD
2022-06-01,1.9446,1.9598,1.9369,1.937,XCD
2022-06-02,1.9447,1.9703,1.9348,1.9616,XCD
2022-06-03,1.9689,1.9738,1.9483,1.9384,XCD
2022-06-06,1.95,1.96,1.9445,1.9416,XCD
2022-06-07,1.9493,1.964,1.9367,1.9513,XCD
2022-06-08,1.961,1.9611,1.9428,1.9418,XCD
2022-06-09,1.9493,1.9508,1.9188,1.9162,XCD
2022-06-10,1.9236,1.9348,1.9037,1.9038,XCD
2022-06-13,1.9044,1.9102,1.87,1.8684,XCD
2022-06-14,1.8764,1.8893,1.8534,1.8546,XCD
2022-06-15,1.8615,1.9038,1.8582,1.8905,XCD
2022-06-16,1.9015,1.9154,1.8821,1.9097,XCD
