Date,Open,High,Low,Close,Currency
2015-01-01,0.3136,0.315,0.3132,0.3139,AUD
2015-01-02,0.3135,0.3166,0.312,0.3141,AUD
2015-01-05,0.314,0.3168,0.3114,0.3129,AUD
2015-01-06,0.313,0.3134,0.3089,0.3124,AUD
2015-01-07,0.312,0.3141,0.311,0.312,AUD
2015-01-08,0.3117,0.3125,0.3089,0.3113,AUD
2015-01-09,0.3108,0.3123,0.3083,0.309,AUD
2015-01-12,0.3085,0.3123,0.3068,0.3118,AUD
2015-01-13,0.3113,0.3127,0.3096,0.3112,AUD
2015-01-14,0.3109,0.3158,0.3099,0.3149,AUD
2015-01-15,0.3144,0.3155,0.3088,0.3104,AUD
2015-01-16,0.3098,0.3119,0.3071,0.3083,AUD
2015-01-19,0.3082,0.3116,0.307,0.3109,AUD
2015-01-20,0.3105,0.313,0.3092,0.3109,AUD
2015-01-21,0.3105,0.3144,0.3075,0.3138,AUD
2015-01-22,0.3135,0.3165,0.3113,0.3152,AUD
2015-01-23,0.3146,0.318,0.313,0.3155,AUD
2015-01-26,0.3156,0.3179,0.3142,0.3164,AUD
2015-01-27,0.3159,0.3201,0.3144,0.3193,AUD
2015-01-28,0.3188,0.3219,0.3143,0.3215,AUD
2015-01-29,0.3211,0.3292,0.3203,0.3274,AUD
2015-01-30,0.3271,0.3295,0.3256,0.3275,AUD
2015-02-02,0.3284,0.3291,0.3238,0.3261,AUD
2015-02-03,0.3258,0.3346,0.3244,0.3298,AUD
2015-02-04,0.3298,0.332,0.3263,0.3305,AUD
2015-02-05,0.33,0.3354,0.3274,0.3326,AUD
2015-02-06,0.3321,0.3329,0.3273,0.3293,AUD
2015-02-09,0.3302,0.3324,0.328,0.3307,AUD
2015-02-10,0.3302,0.334,0.3281,0.3326,AUD
2015-02-11,0.3321,0.3359,0.3307,0.3334,AUD
2015-02-12,0.3329,0.3376,0.3302,0.3337,AUD
2015-02-13,0.3333,0.3341,0.3296,0.331,AUD
2015-02-16,0.3303,0.3342,0.3274,0.3321,AUD
2015-02-17,0.3317,0.3331,0.3293,0.3316,AUD
2015-02-18,0.3311,0.3344,0.3302,0.3322,AUD
2015-02-19,0.3319,0.3363,0.3306,0.3338,AUD
2015-02-20,0.3333,0.3339,0.3287,0.3308,AUD
2015-02-23,0.3303,0.3337,0.3265,0.3275,AUD
2015-02-24,0.3271,0.3293,0.3211,0.3228,AUD
2015-02-25,0.3224,0.3239,0.3191,0.3215,AUD
2015-02-26,0.3212,0.3247,0.3205,0.3237,AUD
2015-02-27,0.3234,0.3249,0.3195,0.3211,AUD
2015-03-02,0.3197,0.3233,0.3193,0.322,AUD
2015-03-03,0.3216,0.3225,0.3184,0.3217,AUD
2015-03-04,0.3213,0.3227,0.3189,0.3207,AUD
2015-03-05,0.3204,0.3232,0.319,0.3218,AUD
2015-03-06,0.3215,0.3233,0.318,0.3218,AUD
2015-03-09,0.3218,0.3244,0.3208,0.3243,AUD
2015-03-10,0.3241,0.3274,0.3223,0.324,AUD
2015-03-11,0.3237,0.3277,0.3227,0.3258,AUD
2015-03-12,0.3254,0.3267,0.3213,0.3242,AUD
2015-03-13,0.3238,0.3259,0.323,0.324,AUD
2015-03-16,0.3241,0.3267,0.3224,0.3263,AUD
2015-03-17,0.3259,0.3283,0.3247,0.3272,AUD
2015-03-18,0.327,0.3288,0.3198,0.3232,AUD
2015-03-19,0.3227,0.3274,0.3213,0.3237,AUD
2015-03-20,0.3233,0.3245,0.3156,0.3178,AUD
2015-03-23,0.3165,0.3226,0.3153,0.321,AUD
2015-03-24,0.3203,0.3249,0.3195,0.3238,AUD
2015-03-25,0.3236,0.3247,0.32,0.3231,AUD
2015-03-26,0.3227,0.3249,0.3196,0.3227,AUD
2015-03-27,0.3224,0.3261,0.3206,0.3253,AUD
2015-03-30,0.3251,0.3316,0.3243,0.3293,AUD
2015-03-31,0.3287,0.3316,0.3283,0.3304,AUD
2015-04-01,0.3301,0.3329,0.3274,0.3321,AUD
2015-04-02,0.3316,0.3362,0.3314,0.3344,AUD
2015-04-03,0.3333,0.3353,0.3292,0.3343,AUD
2015-04-06,0.3339,0.3367,0.332,0.3358,AUD
2015-04-07,0.3352,0.3373,0.3294,0.3321,AUD
2015-04-08,0.3318,0.3325,0.3282,0.3309,AUD
2015-04-09,0.3307,0.332,0.3273,0.3284,AUD
2015-04-10,0.3282,0.3293,0.3251,0.3259,AUD
2015-04-13,0.3258,0.3315,0.3254,0.3298,AUD
2015-04-14,0.3294,0.3319,0.3277,0.3309,AUD
2015-04-15,0.3307,0.3327,0.3266,0.3284,AUD
2015-04-16,0.3279,0.3292,0.3242,0.3267,AUD
2015-04-17,0.3262,0.3293,0.3247,0.3285,AUD
2015-04-20,0.3253,0.3294,0.3248,0.3284,AUD
2015-04-21,0.3281,0.3302,0.3257,0.3288,AUD
2015-04-22,0.3285,0.3291,0.3241,0.327,AUD
2015-04-23,0.3266,0.3291,0.3258,0.3277,AUD
2015-04-24,0.3272,0.3283,0.3251,0.3274,AUD
2015-04-27,0.3268,0.3297,0.3244,0.3272,AUD
2015-04-28,0.3267,0.3282,0.322,0.3232,AUD
2015-04-29,0.3227,0.3252,0.3201,0.3232,AUD
2015-04-30,0.3228,0.3291,0.3225,0.3276,AUD
2015-05-01,0.3272,0.3301,0.3262,0.3278,AUD
2015-05-04,0.328,0.3309,0.3269,0.3288,AUD
2015-05-05,0.3284,0.3303,0.3239,0.3252,AUD
2015-05-06,0.3248,0.3264,0.3219,0.3259,AUD
2015-05-07,0.3253,0.3282,0.3241,0.3276,AUD
2015-05-08,0.3271,0.3294,0.3244,0.3265,AUD
2015-05-11,0.3256,0.3287,0.3255,0.3281,AUD
2015-05-12,0.3277,0.3289,0.3232,0.3248,AUD
2015-05-13,0.3243,0.326,0.3204,0.3214,AUD
2015-05-14,0.321,0.3248,0.3192,0.3243,AUD
2015-05-15,0.3238,0.3271,0.3235,0.3267,AUD
2015-05-18,0.3265,0.3282,0.3246,0.3255,AUD
2015-05-19,0.3251,0.3273,0.3242,0.3268,AUD
2015-05-20,0.3262,0.3289,0.3243,0.3276,AUD
2015-05-21,0.327,0.3297,0.3258,0.3266,AUD
2015-05-22,0.326,0.3306,0.3249,0.3286,AUD
2015-05-25,0.3279,0.331,0.3266,0.3299,AUD
2015-05-26,0.3293,0.3334,0.3286,0.3329,AUD
2015-05-27,0.3326,0.3355,0.3314,0.3339,AUD
2015-05-28,0.3329,0.3394,0.3328,0.3378,AUD
2015-05-29,0.3374,0.339,0.3359,0.3384,AUD
2015-06-01,0.3372,0.34,0.3362,0.3396,AUD
2015-06-02,0.3392,0.3399,0.3329,0.3347,AUD
2015-06-03,0.3343,0.3358,0.3316,0.3352,AUD
2015-06-04,0.3347,0.3405,0.3345,0.3392,AUD
2015-06-05,0.3387,0.3405,0.3362,0.3394,AUD
2015-06-08,0.3391,0.3414,0.3362,0.3377,AUD
2015-06-09,0.3373,0.3414,0.3362,0.34,AUD
2015-06-10,0.3395,0.3427,0.3355,0.3376,AUD
2015-06-11,0.3371,0.3396,0.3356,0.3372,AUD
2015-06-12,0.3368,0.3391,0.3348,0.3365,AUD
2015-06-15,0.3355,0.3379,0.3341,0.3358,AUD
2015-06-16,0.3355,0.3382,0.3345,0.3363,AUD
2015-06-17,0.3359,0.341,0.3354,0.3381,AUD
2015-06-18,0.3378,0.3403,0.333,0.3349,AUD
2015-06-19,0.3343,0.3379,0.3339,0.3362,AUD
2015-06-22,0.336,0.3437,0.3341,0.3423,AUD
2015-06-23,0.3421,0.3449,0.3404,0.344,AUD
2015-06-24,0.3434,0.3473,0.3407,0.3465,AUD
2015-06-25,0.3462,0.3469,0.3407,0.3423,AUD
2015-06-26,0.3417,0.3457,0.3411,0.3444,AUD
2015-06-29,0.3449,0.3471,0.3405,0.3453,AUD
2015-06-30,0.3448,0.3468,0.3427,0.3441,AUD
2015-07-01,0.3437,0.3458,0.3417,0.3457,AUD
2015-07-02,0.3451,0.3488,0.3434,0.3471,AUD
2015-07-03,0.3464,0.3547,0.3458,0.3534,AUD
2015-07-06,0.3537,0.3562,0.3503,0.3538,AUD
2015-07-07,0.3534,0.3571,0.3524,0.3542,AUD
2015-07-08,0.3535,0.358,0.3525,0.3551,AUD
2015-07-09,0.3547,0.3568,0.352,0.3547,AUD
2015-07-10,0.354,0.3596,0.3514,0.3564,AUD
2015-07-13,0.3555,0.3597,0.3545,0.3576,AUD
2015-07-14,0.3569,0.359,0.3547,0.3561,AUD
2015-07-15,0.3556,0.3602,0.3539,0.3586,AUD
2015-07-16,0.3582,0.3599,0.3536,0.3559,AUD
2015-07-17,0.3555,0.3573,0.3536,0.3549,AUD
2015-07-20,0.3539,0.3582,0.3525,0.3545,AUD
2015-07-21,0.3538,0.3571,0.3528,0.3549,AUD
2015-07-22,0.3542,0.357,0.3529,0.355,AUD
2015-07-23,0.3545,0.3568,0.352,0.3558,AUD
2015-07-24,0.3552,0.3605,0.3546,0.3594,AUD
2015-07-27,0.3591,0.3652,0.3582,0.3648,AUD
2015-07-28,0.3645,0.3655,0.3598,0.3607,AUD
2015-07-29,0.3603,0.3636,0.3594,0.3624,AUD
2015-07-30,0.362,0.3645,0.3602,0.3626,AUD
2015-07-31,0.3621,0.3661,0.36,0.3628,AUD
2015-08-03,0.362,0.3655,0.3614,0.3636,AUD
2015-08-04,0.3632,0.3647,0.3546,0.3564,AUD
2015-08-05,0.3561,0.3584,0.355,0.3563,AUD
2015-08-06,0.3559,0.3597,0.3543,0.3587,AUD
2015-08-07,0.358,0.3592,0.3533,0.3543,AUD
2015-08-10,0.3538,0.3573,0.3537,0.3551,AUD
2015-08-11,0.3544,0.3604,0.3533,0.3589,AUD
2015-08-12,0.3586,0.3632,0.3547,0.3558,AUD
2015-08-13,0.3554,0.3595,0.3539,0.3582,AUD
2015-08-14,0.3578,0.3602,0.3559,0.3592,AUD
2015-08-17,0.358,0.3593,0.3525,0.3542,AUD
2015-08-18,0.3535,0.3563,0.3524,0.3534,AUD
2015-08-19,0.353,0.3553,0.3497,0.3515,AUD
2015-08-20,0.3509,0.3535,0.35,0.3517,AUD
2015-08-21,0.3513,0.3548,0.3501,0.3528,AUD
2015-08-24,0.353,0.3683,0.3521,0.3643,AUD
2015-08-25,0.3638,0.3659,0.3565,0.3636,AUD
2015-08-26,0.363,0.365,0.3552,0.3566,AUD
2015-08-27,0.3561,0.3601,0.3535,0.3561,AUD
2015-08-28,0.3554,0.3586,0.3535,0.3548,AUD
2015-08-31,0.3545,0.3594,0.3536,0.3582,AUD
2015-09-01,0.3577,0.3633,0.3556,0.3628,AUD
2015-09-02,0.3625,0.3647,0.36,0.3618,AUD
2015-09-03,0.3614,0.3638,0.3579,0.363,AUD
2015-09-04,0.3627,0.3697,0.3617,0.3689,AUD
2015-09-07,0.3675,0.3696,0.3651,0.367,AUD
2015-09-08,0.3665,0.3677,0.3624,0.3653,AUD
2015-09-09,0.3645,0.3675,0.3621,0.3659,AUD
2015-09-10,0.3656,0.37,0.3608,0.3637,AUD
2015-09-11,0.3631,0.3681,0.3626,0.3646,AUD
2015-09-14,0.3644,0.3652,0.3592,0.3608,AUD
2015-09-15,0.3604,0.3641,0.3579,0.3606,AUD
2015-09-16,0.36,0.3616,0.3572,0.36,AUD
2015-09-17,0.3597,0.3623,0.3549,0.36,AUD
2015-09-18,0.3594,0.3609,0.3528,0.3564,AUD
2015-09-21,0.356,0.3579,0.3543,0.3565,AUD
2015-09-22,0.356,0.3598,0.3544,0.357,AUD
2015-09-23,0.3564,0.3627,0.3564,0.3616,AUD
2015-09-24,0.3614,0.3674,0.3601,0.3632,AUD
2015-09-25,0.3626,0.3655,0.3594,0.3612,AUD
2015-09-28,0.3609,0.3646,0.3601,0.3639,AUD
2015-09-29,0.3635,0.3666,0.3615,0.3646,AUD
2015-09-30,0.3643,0.3648,0.361,0.3632,AUD
2015-10-01,0.3627,0.3644,0.3589,0.3617,AUD
2015-10-02,0.3612,0.3651,0.3594,0.363,AUD
2015-10-05,0.3627,0.3664,0.36,0.3638,AUD
2015-10-06,0.3638,0.3654,0.3605,0.3619,AUD
2015-10-07,0.3614,0.3632,0.358,0.3599,AUD
2015-10-08,0.3592,0.3622,0.356,0.3578,AUD
2015-10-09,0.3573,0.3584,0.3547,0.3561,AUD
2015-10-12,0.3561,0.3577,0.3528,0.3542,AUD
2015-10-13,0.3541,0.3578,0.3527,0.3572,AUD
2015-10-14,0.3565,0.3594,0.3535,0.3567,AUD
2015-10-15,0.3564,0.3596,0.3537,0.3578,AUD
2015-10-16,0.357,0.3609,0.3565,0.359,AUD
2015-10-19,0.3585,0.3606,0.3556,0.3576,AUD
2015-10-20,0.3572,0.3584,0.3538,0.3573,AUD
2015-10-21,0.357,0.3591,0.356,0.3585,AUD
2015-10-22,0.3579,0.3602,0.3559,0.3575,AUD
2015-10-23,0.3572,0.3582,0.3515,0.3557,AUD
2015-10-26,0.3545,0.3569,0.3527,0.3562,AUD
2015-10-27,0.3558,0.3598,0.354,0.359,AUD
2015-10-28,0.3584,0.3639,0.3575,0.3606,AUD
2015-10-29,0.3603,0.3653,0.3599,0.3652,AUD
2015-10-30,0.3649,0.3658,0.3613,0.3625,AUD
2015-11-02,0.3623,0.3644,0.3601,0.361,AUD
2015-11-03,0.3604,0.3614,0.3569,0.3596,AUD
2015-11-04,0.3593,0.361,0.3569,0.3605,AUD
2015-11-05,0.36,0.3617,0.3581,0.3601,AUD
2015-11-06,0.3595,0.3628,0.3581,0.3613,AUD
2015-11-09,0.3611,0.3632,0.3597,0.3622,AUD
2015-11-10,0.3617,0.3643,0.3605,0.363,AUD
2015-11-11,0.3627,0.3644,0.3604,0.3634,AUD
2015-11-12,0.3628,0.3634,0.358,0.3617,AUD
2015-11-13,0.3614,0.3626,0.3587,0.3604,AUD
2015-11-16,0.3604,0.3627,0.3595,0.3613,AUD
2015-11-17,0.3609,0.3624,0.3581,0.3597,AUD
2015-11-18,0.3594,0.3624,0.3587,0.3607,AUD
2015-11-19,0.3604,0.3609,0.3563,0.3589,AUD
2015-11-20,0.3587,0.36,0.3543,0.355,AUD
2015-11-23,0.3547,0.3591,0.3541,0.3586,AUD
2015-11-24,0.3583,0.3593,0.3559,0.3569,AUD
2015-11-25,0.3563,0.3573,0.3536,0.3556,AUD
2015-11-26,0.3553,0.3576,0.3543,0.3565,AUD
2015-11-27,0.356,0.3588,0.3552,0.3579,AUD
2015-11-30,0.3566,0.3588,0.3553,0.3572,AUD
2015-12-01,0.3569,0.3577,0.3513,0.3525,AUD
2015-12-02,0.3521,0.3539,0.3504,0.3524,AUD
2015-12-03,0.3521,0.3564,0.35,0.3537,AUD
2015-12-04,0.3532,0.3589,0.3527,0.3558,AUD
2015-12-07,0.3553,0.3574,0.3536,0.3558,AUD
2015-12-08,0.3554,0.3595,0.3548,0.3585,AUD
2015-12-09,0.3583,0.3604,0.3551,0.3578,AUD
2015-12-10,0.3574,0.3584,0.3523,0.3558,AUD
2015-12-11,0.3554,0.3617,0.3549,0.3604,AUD
2015-12-14,0.359,0.3622,0.3555,0.3575,AUD
2015-12-15,0.357,0.3615,0.3548,0.3589,AUD
2015-12-16,0.3585,0.3595,0.3544,0.3568,AUD
2015-12-17,0.3561,0.3619,0.3552,0.3603,AUD
2015-12-18,0.3598,0.3612,0.3553,0.3575,AUD
2015-12-21,0.3567,0.3592,0.3561,0.3583,AUD
2015-12-22,0.3577,0.3592,0.3525,0.355,AUD
2015-12-23,0.3549,0.357,0.3533,0.3557,AUD
2015-12-24,0.355,0.356,0.3516,0.354,AUD
2015-12-25,0.3533,0.3556,0.3516,0.3556,AUD
2015-12-28,0.353,0.356,0.3527,0.3551,AUD
2015-12-29,0.3546,0.3556,0.3506,0.3514,AUD
2015-12-30,0.3511,0.3529,0.3506,0.3514,AUD
2015-12-31,0.3509,0.3541,0.3482,0.353,AUD
2016-01-01,0.3523,0.353,0.3509,0.3513,AUD
2016-01-04,0.3509,0.3569,0.3504,0.3547,AUD
2016-01-05,0.3544,0.357,0.3529,0.3554,AUD
2016-01-06,0.355,0.36,0.3535,0.3584,AUD
2016-01-07,0.3579,0.365,0.3569,0.3635,AUD
2016-01-08,0.363,0.3665,0.3594,0.3659,AUD
2016-01-11,0.366,0.368,0.3607,0.3631,AUD
2016-01-12,0.3627,0.3665,0.3608,0.3633,AUD
2016-01-13,0.363,0.366,0.3595,0.3651,AUD
2016-01-14,0.3644,0.3679,0.3619,0.363,AUD
2016-01-15,0.3625,0.3698,0.3616,0.3673,AUD
2016-01-18,0.3666,0.37,0.3645,0.3683,AUD
2016-01-19,0.3677,0.3696,0.3623,0.3647,AUD
2016-01-20,0.3643,0.3687,0.3629,0.3646,AUD
2016-01-21,0.3641,0.3665,0.3581,0.3594,AUD
2016-01-22,0.3589,0.3602,0.3558,0.3585,AUD
2016-01-25,0.3584,0.3625,0.3565,0.3622,AUD
2016-01-26,0.3617,0.3645,0.3581,0.3603,AUD
2016-01-27,0.3599,0.3608,0.355,0.3581,AUD
2016-01-28,0.3578,0.3589,0.3541,0.3574,AUD
2016-01-29,0.3572,0.3579,0.3538,0.3564,AUD
2016-02-01,0.3558,0.3585,0.3543,0.3555,AUD
2016-02-02,0.3549,0.3592,0.3541,0.3583,AUD
2016-02-03,0.3578,0.3603,0.352,0.3542,AUD
2016-02-04,0.3538,0.3571,0.3516,0.3563,AUD
2016-02-05,0.3556,0.3654,0.355,0.3642,AUD
2016-02-08,0.3638,0.3646,0.3603,0.3624,AUD
2016-02-09,0.3621,0.3692,0.3617,0.3655,AUD
2016-02-10,0.3653,0.3669,0.3607,0.3634,AUD
2016-02-11,0.3632,0.3684,0.3598,0.3617,AUD
2016-02-12,0.3616,0.3655,0.3598,0.3621,AUD
2016-02-15,0.3613,0.3623,0.3577,0.3596,AUD
2016-02-16,0.359,0.3617,0.3553,0.3603,AUD
2016-02-17,0.3597,0.3618,0.3555,0.3566,AUD
2016-02-18,0.3563,0.3594,0.3557,0.3571,AUD
2016-02-19,0.3566,0.3617,0.356,0.3574,AUD
2016-02-22,0.3564,0.358,0.3523,0.354,AUD
2016-02-23,0.3535,0.3553,0.3516,0.3551,AUD
2016-02-24,0.3547,0.3569,0.3532,0.3548,AUD
2016-02-25,0.3543,0.3568,0.3524,0.3542,AUD
2016-02-26,0.3539,0.3595,0.3521,0.3584,AUD
2016-02-29,0.3577,0.3599,0.3565,0.3585,AUD
2016-03-01,0.3583,0.3606,0.3555,0.3588,AUD
2016-03-02,0.3586,0.3594,0.3513,0.353,AUD
2016-03-03,0.3525,0.3538,0.3477,0.3498,AUD
2016-03-04,0.3493,0.3504,0.3427,0.3435,AUD
2016-03-07,0.3439,0.3464,0.3405,0.3422,AUD
2016-03-08,0.3419,0.3453,0.3409,0.3444,AUD
2016-03-09,0.3441,0.3451,0.34,0.3431,AUD
2016-03-10,0.343,0.3467,0.341,0.3462,AUD
2016-03-11,0.346,0.3468,0.3391,0.3409,AUD
2016-03-14,0.3408,0.3442,0.3388,0.3417,AUD
2016-03-15,0.3414,0.3456,0.3408,0.3448,AUD
2016-03-16,0.3443,0.3462,0.3399,0.3414,AUD
2016-03-17,0.341,0.3424,0.3376,0.3394,AUD
2016-03-18,0.3391,0.3423,0.3379,0.341,AUD
2016-03-21,0.3406,0.343,0.3399,0.3421,AUD
2016-03-22,0.3418,0.3433,0.3394,0.3416,AUD
2016-03-23,0.3413,0.3468,0.3397,0.3458,AUD
2016-03-24,0.3454,0.3483,0.3444,0.3466,AUD
2016-03-25,0.3463,0.3477,0.3448,0.3471,AUD
2016-03-28,0.3469,0.3477,0.3442,0.3463,AUD
2016-03-29,0.3458,0.3485,0.3429,0.3446,AUD
2016-03-30,0.3441,0.3462,0.3421,0.3447,AUD
2016-03-31,0.3441,0.3484,0.3433,0.3481,AUD
2016-04-01,0.3479,0.3487,0.3427,0.3452,AUD
2016-04-04,0.344,0.3484,0.3435,0.3475,AUD
2016-04-05,0.3471,0.3501,0.3461,0.3473,AUD
2016-04-06,0.3473,0.3483,0.3452,0.3468,AUD
2016-04-07,0.3465,0.3525,0.3447,0.3517,AUD
2016-04-08,0.3513,0.3518,0.3477,0.3506,AUD
2016-04-11,0.3504,0.3517,0.3465,0.3502,AUD
2016-04-12,0.3496,0.351,0.3444,0.3452,AUD
2016-04-13,0.3447,0.3472,0.3431,0.3462,AUD
2016-04-14,0.346,0.3474,0.3409,0.3432,AUD
2016-04-15,0.3429,0.345,0.3411,0.3423,AUD
2016-04-18,0.3454,0.3478,0.3406,0.342,AUD
2016-04-19,0.3417,0.3426,0.3388,0.3406,AUD
2016-04-20,0.3401,0.342,0.3389,0.3407,AUD
2016-04-21,0.3404,0.3433,0.3382,0.3429,AUD
2016-04-22,0.3425,0.3451,0.3406,0.344,AUD
2016-04-25,0.3429,0.3454,0.3423,0.3445,AUD
2016-04-26,0.344,0.345,0.3412,0.3433,AUD
2016-04-27,0.3426,0.3538,0.3419,0.3512,AUD
2016-04-28,0.3502,0.3518,0.3463,0.3485,AUD
2016-04-29,0.3481,0.3532,0.3466,0.3521,AUD
2016-05-02,0.3509,0.3525,0.3468,0.3477,AUD
2016-05-03,0.3473,0.3546,0.3448,0.3535,AUD
2016-05-04,0.3531,0.3553,0.351,0.354,AUD
2016-05-05,0.3533,0.3547,0.3511,0.3534,AUD
2016-05-06,0.3529,0.3604,0.3521,0.3581,AUD
2016-05-09,0.358,0.3624,0.3565,0.3612,AUD
2016-05-10,0.3608,0.3617,0.3578,0.3598,AUD
2016-05-11,0.3595,0.3621,0.3579,0.3611,AUD
2016-05-12,0.3606,0.364,0.3597,0.3624,AUD
2016-05-13,0.3621,0.3649,0.3615,0.3636,AUD
2016-05-16,0.3643,0.3656,0.3579,0.359,AUD
2016-05-17,0.3588,0.3595,0.3543,0.3578,AUD
2016-05-18,0.3574,0.3603,0.3562,0.3593,AUD
2016-05-19,0.3589,0.3615,0.357,0.3577,AUD
2016-05-20,0.3572,0.3586,0.355,0.3569,AUD
2016-05-23,0.3562,0.3596,0.3542,0.3583,AUD
2016-05-24,0.3576,0.3624,0.3569,0.3614,AUD
2016-05-25,0.3611,0.3622,0.3589,0.3615,AUD
2016-05-26,0.3613,0.3634,0.3595,0.3613,AUD
2016-05-27,0.3607,0.3631,0.3592,0.3621,AUD
2016-05-30,0.3614,0.3637,0.3603,0.3613,AUD
2016-05-31,0.3605,0.3617,0.3564,0.359,AUD
2016-06-01,0.3586,0.3594,0.355,0.3579,AUD
2016-06-02,0.3573,0.3607,0.3564,0.3583,AUD
2016-06-03,0.3578,0.359,0.3519,0.353,AUD
2016-06-06,0.3526,0.3561,0.3512,0.3549,AUD
2016-06-07,0.3543,0.3555,0.3482,0.3497,AUD
2016-06-08,0.3493,0.3513,0.3476,0.3491,AUD
2016-06-09,0.3486,0.3514,0.3469,0.3508,AUD
2016-06-10,0.3502,0.3524,0.349,0.3519,AUD
2016-06-13,0.3506,0.3523,0.3477,0.3507,AUD
2016-06-14,0.3502,0.353,0.3491,0.3504,AUD
2016-06-15,0.3501,0.3518,0.3474,0.3502,AUD
2016-06-16,0.3496,0.354,0.3483,0.3507,AUD
2016-06-17,0.3502,0.3518,0.348,0.3492,AUD
2016-06-20,0.3493,0.3496,0.3459,0.3476,AUD
2016-06-21,0.3471,0.3483,0.344,0.3479,AUD
2016-06-22,0.3476,0.3484,0.3439,0.347,AUD
2016-06-23,0.3463,0.3471,0.3431,0.3445,AUD
2016-06-24,0.3438,0.3539,0.3411,0.3452,AUD
2016-06-27,0.3439,0.3526,0.3433,0.3509,AUD
2016-06-28,0.35,0.3521,0.3455,0.349,AUD
2016-06-29,0.348,0.3502,0.3462,0.3485,AUD
2016-06-30,0.3483,0.3525,0.3465,0.3481,AUD
2016-07-01,0.3476,0.3492,0.3455,0.3465,AUD
2016-07-04,0.3485,0.3493,0.3433,0.3443,AUD
2016-07-05,0.344,0.3469,0.3432,0.3442,AUD
2016-07-06,0.3437,0.3468,0.3408,0.3428,AUD
2016-07-07,0.3423,0.3455,0.3409,0.3441,AUD
2016-07-08,0.3441,0.3448,0.3392,0.3403,AUD
2016-07-11,0.3394,0.3428,0.3391,0.3419,AUD
2016-07-12,0.3415,0.3423,0.3364,0.3391,AUD
2016-07-13,0.3389,0.3409,0.3378,0.3399,AUD
2016-07-14,0.3397,0.3414,0.3381,0.3403,AUD
2016-07-15,0.3401,0.3425,0.3377,0.341,AUD
2016-07-18,0.3402,0.3431,0.3391,0.3417,AUD
2016-07-19,0.3411,0.3466,0.341,0.3454,AUD
2016-07-20,0.3451,0.3479,0.3438,0.3467,AUD
2016-07-21,0.346,0.3478,0.3443,0.3471,AUD
2016-07-22,0.3468,0.3504,0.3449,0.3485,AUD
2016-07-25,0.3494,0.3501,0.3461,0.3482,AUD
2016-07-26,0.348,0.3484,0.3445,0.347,AUD
2016-07-27,0.3468,0.3506,0.3433,0.3481,AUD
2016-07-28,0.3477,0.3488,0.3452,0.3484,AUD
2016-07-29,0.3481,0.3496,0.3439,0.3452,AUD
2016-08-01,0.3447,0.3485,0.3435,0.348,AUD
2016-08-02,0.3476,0.3498,0.3423,0.345,AUD
2016-08-03,0.3446,0.3462,0.3432,0.3446,AUD
2016-08-04,0.3443,0.3452,0.3413,0.3427,AUD
2016-08-05,0.3425,0.3431,0.3402,0.3422,AUD
2016-08-08,0.342,0.3434,0.3395,0.3422,AUD
2016-08-09,0.342,0.3433,0.34,0.3417,AUD
2016-08-10,0.3415,0.3421,0.3375,0.34,AUD
2016-08-11,0.3396,0.3412,0.3372,0.3406,AUD
2016-08-12,0.34,0.3435,0.339,0.3433,AUD
2016-08-15,0.3431,0.344,0.341,0.3432,AUD
2016-08-16,0.3428,0.345,0.3409,0.3436,AUD
2016-08-17,0.3429,0.3469,0.3422,0.3447,AUD
2016-08-18,0.3441,0.346,0.3414,0.3456,AUD
2016-08-19,0.3453,0.3498,0.3447,0.3477,AUD
2016-08-22,0.3485,0.3498,0.346,0.3476,AUD
2016-08-23,0.3468,0.3486,0.3453,0.3479,AUD
2016-08-24,0.3474,0.3497,0.3465,0.3489,AUD
2016-08-25,0.3487,0.3502,0.3468,0.3491,AUD
2016-08-26,0.3488,0.3508,0.3457,0.3501,AUD
2016-08-29,0.3494,0.3514,0.3474,0.3488,AUD
2016-08-30,0.3484,0.3518,0.3474,0.3509,AUD
2016-08-31,0.3506,0.3526,0.3494,0.3524,AUD
2016-09-01,0.3518,0.3526,0.3498,0.351,AUD
2016-09-02,0.3506,0.3525,0.3489,0.3509,AUD
2016-09-05,0.3508,0.3519,0.3483,0.3503,AUD
2016-09-06,0.3499,0.3502,0.3453,0.3464,AUD
2016-09-07,0.3462,0.348,0.3447,0.3469,AUD
2016-09-08,0.3467,0.3488,0.3437,0.3483,AUD
2016-09-09,0.348,0.353,0.3467,0.3523,AUD
2016-09-12,0.3529,0.3543,0.3501,0.3509,AUD
2016-09-13,0.3506,0.355,0.3501,0.3538,AUD
2016-09-14,0.3534,0.3548,0.3518,0.3535,AUD
2016-09-15,0.3531,0.3551,0.3516,0.3526,AUD
2016-09-16,0.3523,0.3551,0.351,0.3537,AUD
2016-09-19,0.3531,0.3544,0.3488,0.3516,AUD
2016-09-20,0.3512,0.3517,0.3491,0.3502,AUD
2016-09-21,0.3499,0.3512,0.3472,0.3484,AUD
2016-09-22,0.3479,0.3489,0.3458,0.3479,AUD
2016-09-23,0.3476,0.3497,0.3469,0.3488,AUD
2016-09-26,0.3487,0.3496,0.347,0.3492,AUD
2016-09-27,0.349,0.3506,0.3457,0.3481,AUD
2016-09-28,0.3477,0.3487,0.3453,0.3464,AUD
2016-09-29,0.346,0.3498,0.345,0.3488,AUD
2016-09-30,0.3482,0.351,0.346,0.3482,AUD
2016-10-03,0.3466,0.3488,0.3453,0.3465,AUD
2016-10-04,0.3462,0.3484,0.3448,0.3474,AUD
2016-10-05,0.3471,0.3492,0.3456,0.3479,AUD
2016-10-06,0.3477,0.35,0.3467,0.3483,AUD
2016-10-07,0.3481,0.3495,0.3453,0.3478,AUD
2016-10-10,0.3475,0.3484,0.3448,0.3469,AUD
2016-10-11,0.3463,0.3501,0.3458,0.3485,AUD
2016-10-12,0.348,0.3485,0.3446,0.3466,AUD
2016-10-13,0.3464,0.3493,0.3451,0.3473,AUD
2016-10-14,0.3472,0.3485,0.3417,0.3435,AUD
2016-10-17,0.3426,0.3455,0.3417,0.3425,AUD
2016-10-18,0.3422,0.3427,0.3392,0.3412,AUD
2016-10-19,0.3409,0.3422,0.3369,0.3376,AUD
2016-10-20,0.3373,0.3412,0.3366,0.3408,AUD
2016-10-21,0.3406,0.3417,0.3387,0.3406,AUD
2016-10-24,0.3398,0.3414,0.3382,0.3405,AUD
2016-10-25,0.34,0.3412,0.3388,0.3399,AUD
2016-10-26,0.3397,0.3411,0.3362,0.3398,AUD
2016-10-27,0.3396,0.3428,0.3392,0.3419,AUD
2016-10-28,0.3414,0.3436,0.3403,0.3422,AUD
2016-10-31,0.3413,0.3442,0.3403,0.3427,AUD
2016-11-01,0.3422,0.3438,0.3388,0.3426,AUD
2016-11-02,0.3423,0.3448,0.3406,0.3422,AUD
2016-11-03,0.3417,0.3433,0.3402,0.3414,AUD
2016-11-04,0.3412,0.3443,0.3402,0.3439,AUD
2016-11-07,0.3417,0.3437,0.3385,0.3392,AUD
2016-11-08,0.3387,0.3419,0.3369,0.3387,AUD
2016-11-09,0.3381,0.3494,0.337,0.3429,AUD
2016-11-10,0.3423,0.3448,0.3361,0.3423,AUD
2016-11-11,0.3418,0.3464,0.341,0.3448,AUD
2016-11-14,0.3463,0.3471,0.3425,0.3438,AUD
2016-11-15,0.3437,0.3466,0.3421,0.3443,AUD
2016-11-16,0.344,0.348,0.3431,0.3471,AUD
2016-11-17,0.3467,0.3502,0.3453,0.3492,AUD
2016-11-18,0.3486,0.3519,0.348,0.3508,AUD
2016-11-21,0.3496,0.3537,0.3494,0.3509,AUD
2016-11-22,0.3504,0.3515,0.3482,0.3498,AUD
2016-11-23,0.3493,0.3506,0.3468,0.3501,AUD
2016-11-24,0.3497,0.3514,0.3475,0.3486,AUD
2016-11-25,0.3479,0.3502,0.3453,0.3468,AUD
2016-11-28,0.3468,0.3486,0.3445,0.3478,AUD
2016-11-29,0.3477,0.3501,0.3461,0.3484,AUD
2016-11-30,0.3482,0.354,0.3469,0.3533,AUD
2016-12-01,0.353,0.3538,0.3509,0.3523,AUD
2016-12-02,0.3521,0.3535,0.3493,0.3499,AUD
2016-12-05,0.3501,0.3533,0.3492,0.3509,AUD
2016-12-06,0.3507,0.3541,0.3499,0.3515,AUD
2016-12-07,0.351,0.354,0.3503,0.3524,AUD
2016-12-08,0.3519,0.3538,0.35,0.3515,AUD
2016-12-09,0.3512,0.3525,0.3487,0.3504,AUD
2016-12-12,0.351,0.3515,0.3484,0.3498,AUD
2016-12-13,0.3491,0.3524,0.3484,0.3503,AUD
2016-12-14,0.3496,0.3537,0.3482,0.3528,AUD
2016-12-15,0.3523,0.3539,0.3505,0.3527,AUD
2016-12-16,0.3524,0.3553,0.3503,0.353,AUD
2016-12-19,0.3529,0.3578,0.3524,0.3573,AUD
2016-12-20,0.3569,0.3594,0.3556,0.3585,AUD
2016-12-21,0.3581,0.3613,0.3572,0.3611,AUD
2016-12-22,0.3608,0.3644,0.3593,0.363,AUD
2016-12-23,0.3624,0.3668,0.3606,0.3639,AUD
2016-12-26,0.3634,0.3655,0.3613,0.3644,AUD
2016-12-27,0.3636,0.3654,0.3581,0.3623,AUD
2016-12-28,0.3619,0.363,0.359,0.3613,AUD
2016-12-29,0.3609,0.3622,0.3588,0.3602,AUD
2016-12-30,0.3595,0.3617,0.3577,0.3594,AUD
2017-01-02,0.3581,0.3628,0.3578,0.3613,AUD
2017-01-03,0.3607,0.3615,0.3558,0.358,AUD
2017-01-04,0.3578,0.3585,0.3549,0.356,AUD
2017-01-05,0.3558,0.3565,0.3531,0.3543,AUD
2017-01-06,0.3537,0.3574,0.3527,0.3564,AUD
2017-01-09,0.3569,0.3577,0.3517,0.3538,AUD
2017-01-10,0.3533,0.3552,0.3514,0.3528,AUD
2017-01-11,0.3523,0.3539,0.3482,0.3504,AUD
2017-01-12,0.3499,0.3513,0.3471,0.3492,AUD
2017-01-13,0.3487,0.3509,0.3471,0.3491,AUD
2017-01-16,0.3494,0.3506,0.3482,0.3491,AUD
2017-01-17,0.3488,0.3503,0.3455,0.3468,AUD
2017-01-18,0.3463,0.3493,0.346,0.3487,AUD
2017-01-19,0.3484,0.3498,0.3452,0.3466,AUD
2017-01-20,0.346,0.35,0.3448,0.3477,AUD
2017-01-23,0.3465,0.3496,0.3458,0.3478,AUD
2017-01-24,0.3473,0.3494,0.3458,0.3479,AUD
2017-01-25,0.3478,0.3513,0.3466,0.349,AUD
2017-01-26,0.3487,0.3509,0.3477,0.3501,AUD
2017-01-27,0.3497,0.3521,0.3485,0.3507,AUD
2017-01-30,0.3505,0.3515,0.3487,0.3507,AUD
2017-01-31,0.3505,0.352,0.3478,0.3498,AUD
2017-02-01,0.3493,0.3515,0.3478,0.3492,AUD
2017-02-02,0.3486,0.3498,0.3448,0.3472,AUD
2017-02-03,0.3469,0.3494,0.3454,0.3468,AUD
2017-02-06,0.3465,0.3504,0.3456,0.3491,AUD
2017-02-07,0.3489,0.3507,0.3472,0.3494,AUD
2017-02-08,0.3488,0.3504,0.3472,0.349,AUD
2017-02-09,0.3488,0.3505,0.3474,0.3502,AUD
2017-02-10,0.35,0.3511,0.3457,0.3469,AUD
2017-02-13,0.3461,0.3494,0.3458,0.3491,AUD
2017-02-14,0.3487,0.3502,0.3458,0.3482,AUD
2017-02-15,0.348,0.3497,0.3454,0.3473,AUD
2017-02-16,0.3467,0.3505,0.3453,0.3496,AUD
2017-02-17,0.3494,0.3534,0.3479,0.3517,AUD
2017-02-20,0.3516,0.3532,0.3492,0.3502,AUD
2017-02-21,0.3498,0.3536,0.3495,0.352,AUD
2017-02-22,0.3517,0.3522,0.3491,0.3512,AUD
2017-02-23,0.3509,0.3529,0.3486,0.3503,AUD
2017-02-24,0.3498,0.3536,0.3492,0.3531,AUD
2017-02-27,0.3522,0.3558,0.3511,0.3554,AUD
2017-02-28,0.3552,0.3588,0.354,0.3583,AUD
2017-03-01,0.3581,0.3599,0.3544,0.3557,AUD
2017-03-02,0.3555,0.3588,0.3539,0.3574,AUD
2017-03-03,0.3571,0.3589,0.3553,0.3562,AUD
2017-03-06,0.3554,0.3595,0.3546,0.3588,AUD
2017-03-07,0.3585,0.3595,0.3558,0.3584,AUD
2017-03-08,0.3578,0.3604,0.3569,0.3599,AUD
2017-03-09,0.3597,0.3624,0.3584,0.3617,AUD
2017-03-10,0.3611,0.3625,0.3591,0.3607,AUD
2017-03-13,0.3603,0.362,0.3582,0.3603,AUD
2017-03-14,0.3601,0.3619,0.3591,0.3609,AUD
2017-03-15,0.3606,0.3621,0.3557,0.3573,AUD
2017-03-16,0.3567,0.3597,0.3563,0.359,AUD
2017-03-17,0.3589,0.3604,0.356,0.3573,AUD
2017-03-20,0.3565,0.3584,0.3547,0.3569,AUD
2017-03-21,0.3567,0.3587,0.3551,0.3579,AUD
2017-03-22,0.3575,0.36,0.3558,0.3573,AUD
2017-03-23,0.3567,0.3598,0.3565,0.3591,AUD
2017-03-24,0.359,0.3617,0.3578,0.361,AUD
2017-03-27,0.3605,0.3643,0.3587,0.3634,AUD
2017-03-28,0.3632,0.3649,0.361,0.3624,AUD
2017-03-29,0.3621,0.3629,0.3591,0.3604,AUD
2017-03-30,0.3601,0.3614,0.3584,0.3604,AUD
2017-03-31,0.3602,0.3618,0.3587,0.361,AUD
2017-04-03,0.3601,0.3637,0.3593,0.3618,AUD
2017-04-04,0.3612,0.3641,0.3608,0.362,AUD
2017-04-05,0.3618,0.3627,0.36,0.3622,AUD
2017-04-06,0.362,0.3642,0.3611,0.3635,AUD
2017-04-07,0.3634,0.3663,0.3624,0.3648,AUD
2017-04-10,0.3643,0.3664,0.363,0.3643,AUD
2017-04-11,0.3639,0.3665,0.3627,0.3646,AUD
2017-04-12,0.3643,0.3669,0.3625,0.3651,AUD
2017-04-13,0.3645,0.3649,0.3594,0.3608,AUD
2017-04-14,0.3605,0.3614,0.3595,0.3612,AUD
2017-04-17,0.3597,0.3609,0.3586,0.3602,AUD
2017-04-18,0.3601,0.363,0.3585,0.3609,AUD
2017-04-19,0.3605,0.3643,0.3603,0.3633,AUD
2017-04-20,0.3627,0.364,0.3606,0.3619,AUD
2017-04-21,0.3615,0.3623,0.3597,0.3611,AUD
2017-04-24,0.3604,0.3646,0.3576,0.3619,AUD
2017-04-25,0.3614,0.3649,0.361,0.3646,AUD
2017-04-26,0.3645,0.3686,0.3635,0.3678,AUD
2017-04-27,0.3674,0.3701,0.3659,0.3689,AUD
2017-04-28,0.368,0.371,0.3671,0.3686,AUD
2017-05-01,0.3696,0.3699,0.3658,0.3677,AUD
2017-05-02,0.3674,0.369,0.3652,0.3679,AUD
2017-05-03,0.3675,0.373,0.3664,0.3723,AUD
2017-05-04,0.372,0.3749,0.3712,0.3743,AUD
2017-05-05,0.3736,0.3766,0.3731,0.3754,AUD
2017-05-08,0.3745,0.3769,0.3733,0.376,AUD
2017-05-09,0.3758,0.3788,0.3746,0.3775,AUD
2017-05-10,0.3771,0.3781,0.3743,0.3768,AUD
2017-05-11,0.3764,0.3785,0.3742,0.3755,AUD
2017-05-12,0.3752,0.3764,0.3731,0.3761,AUD
2017-05-15,0.3755,0.376,0.3724,0.3743,AUD
2017-05-16,0.374,0.376,0.3723,0.3741,AUD
2017-05-17,0.374,0.3759,0.3715,0.3728,AUD
2017-05-18,0.3724,0.3755,0.3698,0.375,AUD
2017-05-19,0.3746,0.3758,0.3725,0.3743,AUD
2017-05-22,0.3735,0.3754,0.3719,0.373,AUD
2017-05-23,0.3727,0.3739,0.3702,0.3723,AUD
2017-05-24,0.372,0.3739,0.3711,0.372,AUD
2017-05-25,0.3718,0.3762,0.3708,0.3759,AUD
2017-05-26,0.3757,0.3778,0.3741,0.3751,AUD
2017-05-29,0.3764,0.3779,0.3744,0.3772,AUD
2017-05-30,0.3768,0.3789,0.3756,0.3779,AUD
2017-05-31,0.3776,0.3815,0.3766,0.3802,AUD
2017-06-01,0.3799,0.383,0.3789,0.3816,AUD
2017-06-02,0.3813,0.3821,0.3778,0.3786,AUD
2017-06-05,0.3788,0.3805,0.3753,0.377,AUD
2017-06-06,0.3764,0.3786,0.3742,0.3761,AUD
2017-06-07,0.3759,0.3764,0.3719,0.3743,AUD
2017-06-08,0.3739,0.3765,0.3732,0.3757,AUD
2017-06-09,0.3753,0.3772,0.3746,0.376,AUD
2017-06-12,0.3759,0.377,0.3732,0.3744,AUD
2017-06-13,0.3741,0.3768,0.3724,0.3761,AUD
2017-06-14,0.3758,0.3765,0.3717,0.3743,AUD
2017-06-15,0.3741,0.3755,0.3715,0.374,AUD
2017-06-16,0.3735,0.3745,0.3708,0.3729,AUD
2017-06-19,0.3712,0.3745,0.3709,0.373,AUD
2017-06-20,0.3725,0.3737,0.3702,0.3725,AUD
2017-06-21,0.3721,0.3748,0.3713,0.3741,AUD
2017-06-22,0.3736,0.3746,0.3722,0.3739,AUD
2017-06-23,0.3734,0.3743,0.3719,0.3733,AUD
2017-06-26,0.3725,0.3748,0.3715,0.3743,AUD
2017-06-27,0.374,0.3753,0.3721,0.3748,AUD
2017-06-28,0.3745,0.3753,0.3726,0.3735,AUD
2017-06-29,0.3734,0.375,0.3716,0.373,AUD
2017-06-30,0.3723,0.3746,0.3709,0.3728,AUD
2017-07-03,0.3723,0.3747,0.3715,0.3724,AUD
2017-07-04,0.3717,0.3764,0.3705,0.3741,AUD
2017-07-05,0.3736,0.376,0.3718,0.3749,AUD
2017-07-06,0.3745,0.3754,0.3718,0.3736,AUD
2017-07-07,0.3734,0.3744,0.3705,0.3715,AUD
2017-07-10,0.3715,0.3724,0.3691,0.3706,AUD
2017-07-11,0.3702,0.3707,0.3661,0.3674,AUD
2017-07-12,0.3669,0.3688,0.3652,0.3679,AUD
2017-07-13,0.3677,0.3685,0.3641,0.3655,AUD
2017-07-14,0.3648,0.3659,0.3584,0.3591,AUD
2017-07-17,0.3595,0.361,0.3564,0.3584,AUD
2017-07-18,0.358,0.3592,0.352,0.3539,AUD
2017-07-19,0.3534,0.3545,0.3504,0.3524,AUD
2017-07-20,0.3522,0.3547,0.3504,0.3534,AUD
2017-07-21,0.3532,0.3577,0.3524,0.3536,AUD
2017-07-24,0.3526,0.3551,0.3486,0.3539,AUD
2017-07-25,0.3536,0.3545,0.3513,0.3525,AUD
2017-07-26,0.3522,0.3548,0.35,0.3509,AUD
2017-07-27,0.3505,0.3543,0.348,0.3528,AUD
2017-07-28,0.3521,0.3543,0.3493,0.3517,AUD
2017-07-31,0.3522,0.3531,0.35,0.3509,AUD
2017-08-01,0.3508,0.3526,0.3482,0.3523,AUD
2017-08-02,0.352,0.3542,0.3489,0.3509,AUD
2017-08-03,0.3501,0.3529,0.348,0.3495,AUD
2017-08-04,0.3492,0.3508,0.3458,0.3472,AUD
2017-08-07,0.3469,0.3501,0.3463,0.3496,AUD
2017-08-08,0.3493,0.3518,0.3478,0.3503,AUD
2017-08-09,0.3498,0.3538,0.3498,0.3524,AUD
2017-08-10,0.3521,0.3544,0.3511,0.354,AUD
2017-08-11,0.3538,0.3558,0.3525,0.3532,AUD
2017-08-14,0.3532,0.3558,0.3521,0.3554,AUD
2017-08-15,0.3555,0.3564,0.353,0.3535,AUD
2017-08-16,0.3536,0.354,0.3482,0.3487,AUD
2017-08-17,0.3487,0.3502,0.3467,0.3499,AUD
2017-08-18,0.3499,0.3507,0.3478,0.3484,AUD
2017-08-21,0.3488,0.3492,0.3476,0.3483,AUD
2017-08-22,0.3483,0.3499,0.3477,0.3493,AUD
2017-08-23,0.3493,0.3512,0.3489,0.3507,AUD
2017-08-24,0.3508,0.3528,0.3499,0.352,AUD
2017-08-25,0.3515,0.3525,0.3503,0.3518,AUD
2017-08-28,0.3518,0.3524,0.3504,0.3507,AUD
2017-08-29,0.3506,0.3535,0.3498,0.3522,AUD
2017-08-30,0.3522,0.3533,0.3502,0.3522,AUD
2017-08-31,0.3521,0.3537,0.3509,0.351,AUD
2017-09-01,0.3509,0.3534,0.35,0.3513,AUD
2017-09-04,0.3528,0.3528,0.3503,0.3523,AUD
2017-09-05,0.3523,0.3524,0.3491,0.3503,AUD
2017-09-06,0.3502,0.3528,0.349,0.3522,AUD
2017-09-07,0.3522,0.3544,0.3514,0.3529,AUD
2017-09-08,0.3528,0.3538,0.3498,0.3533,AUD
2017-09-11,0.3529,0.3544,0.3521,0.3536,AUD
2017-09-12,0.3537,0.3549,0.351,0.352,AUD
2017-09-13,0.3519,0.3542,0.351,0.3535,AUD
2017-09-14,0.3535,0.3565,0.3521,0.3548,AUD
2017-09-15,0.3549,0.3556,0.3536,0.3548,AUD
2017-09-18,0.3548,0.3573,0.3533,0.3563,AUD
2017-09-19,0.3562,0.3565,0.3544,0.3554,AUD
2017-09-20,0.3553,0.3563,0.3524,0.354,AUD
2017-09-21,0.3542,0.3597,0.3539,0.3594,AUD
2017-09-22,0.3594,0.3613,0.3589,0.3594,AUD
2017-09-25,0.3595,0.3607,0.3574,0.3581,AUD
2017-09-26,0.358,0.3605,0.3568,0.3595,AUD
2017-09-27,0.3598,0.3607,0.3586,0.3597,AUD
2017-09-28,0.3597,0.3634,0.3594,0.3605,AUD
2017-09-29,0.3607,0.3629,0.3603,0.3612,AUD
2017-10-02,0.3605,0.3625,0.3604,0.3612,AUD
2017-10-03,0.3612,0.3633,0.3609,0.3615,AUD
2017-10-04,0.3615,0.363,0.3599,0.3619,AUD
2017-10-05,0.3619,0.3653,0.3617,0.364,AUD
2017-10-06,0.3641,0.3672,0.3638,0.3656,AUD
2017-10-09,0.3663,0.3679,0.3649,0.3674,AUD
2017-10-10,0.3675,0.3682,0.3654,0.368,AUD
2017-10-11,0.3679,0.3684,0.3659,0.368,AUD
2017-10-12,0.3681,0.3683,0.3649,0.3653,AUD
2017-10-13,0.3653,0.3659,0.3617,0.3619,AUD
2017-10-16,0.3624,0.3649,0.3618,0.3644,AUD
2017-10-17,0.3645,0.3653,0.3624,0.363,AUD
2017-10-18,0.3629,0.3646,0.3623,0.3638,AUD
2017-10-19,0.3639,0.3653,0.3625,0.3639,AUD
2017-10-20,0.3642,0.3672,0.3635,0.3663,AUD
2017-10-23,0.3663,0.3673,0.365,0.3667,AUD
2017-10-24,0.3666,0.3679,0.3659,0.3669,AUD
2017-10-25,0.3669,0.3708,0.3664,0.37,AUD
2017-10-26,0.3699,0.3708,0.3683,0.37,AUD
2017-10-27,0.3701,0.372,0.3679,0.3685,AUD
2017-10-30,0.3684,0.3703,0.3683,0.369,AUD
2017-10-31,0.3691,0.3719,0.3685,0.3709,AUD
2017-11-01,0.3709,0.3715,0.3698,0.371,AUD
2017-11-02,0.371,0.3715,0.369,0.3695,AUD
2017-11-03,0.3695,0.3731,0.3691,0.3722,AUD
2017-11-06,0.3721,0.3732,0.3707,0.3708,AUD
2017-11-07,0.3708,0.3728,0.3703,0.372,AUD
2017-11-08,0.3722,0.3723,0.3706,0.371,AUD
2017-11-09,0.371,0.372,0.3689,0.3694,AUD
2017-11-10,0.3692,0.3701,0.3674,0.3678,AUD
2017-11-13,0.3681,0.3705,0.3674,0.3704,AUD
2017-11-14,0.3703,0.3711,0.369,0.3705,AUD
2017-11-15,0.3706,0.3741,0.3704,0.3734,AUD
2017-11-16,0.3735,0.3751,0.3723,0.3748,AUD
2017-11-17,0.3747,0.3774,0.3739,0.3762,AUD
2017-11-20,0.3762,0.3776,0.3748,0.3767,AUD
2017-11-21,0.3765,0.3777,0.3738,0.3754,AUD
2017-11-22,0.3755,0.3764,0.3736,0.374,AUD
2017-11-23,0.374,0.3746,0.3728,0.3735,AUD
2017-11-24,0.3736,0.3747,0.3727,0.3744,AUD
2017-11-27,0.374,0.376,0.3735,0.3759,AUD
2017-11-28,0.376,0.3768,0.3749,0.375,AUD
2017-11-29,0.375,0.3777,0.3744,0.377,AUD
2017-11-30,0.377,0.3787,0.3756,0.378,AUD
2017-12-01,0.3779,0.379,0.3755,0.377,AUD
2017-12-04,0.377,0.3782,0.376,0.3775,AUD
2017-12-05,0.3775,0.3775,0.3744,0.3751,AUD
2017-12-06,0.3751,0.3769,0.3741,0.3761,AUD
2017-12-07,0.376,0.3791,0.3756,0.3785,AUD
2017-12-08,0.3784,0.3791,0.3768,0.3782,AUD
2017-12-11,0.3782,0.3782,0.3758,0.3764,AUD
2017-12-12,0.3765,0.3768,0.3727,0.373,AUD
2017-12-13,0.373,0.3734,0.3709,0.3717,AUD
2017-12-14,0.3715,0.372,0.3691,0.3705,AUD
2017-12-15,0.3705,0.3729,0.3689,0.372,AUD
2017-12-18,0.372,0.3728,0.3705,0.3723,AUD
2017-12-19,0.3723,0.3736,0.3718,0.3726,AUD
2017-12-20,0.3728,0.374,0.3716,0.3731,AUD
2017-12-21,0.3733,0.3745,0.372,0.3725,AUD
2017-12-22,0.3725,0.3729,0.3709,0.372,AUD
2017-12-25,0.372,0.3725,0.3714,0.372,AUD
2017-12-26,0.3721,0.3722,0.3704,0.3708,AUD
2017-12-27,0.3709,0.3714,0.3683,0.37,AUD
2017-12-28,0.37,0.3706,0.3674,0.3696,AUD
2017-12-29,0.3698,0.3703,0.3674,0.3683,AUD
2018-01-01,0.3682,0.3695,0.3681,0.3692,AUD
2018-01-02,0.3693,0.3704,0.367,0.3699,AUD
2018-01-03,0.3698,0.3709,0.3681,0.3698,AUD
2018-01-04,0.3698,0.371,0.3685,0.369,AUD
2018-01-05,0.369,0.3714,0.3686,0.3705,AUD
2018-01-08,0.371,0.3715,0.3696,0.37,AUD
2018-01-09,0.3699,0.3716,0.3684,0.3714,AUD
2018-01-10,0.3714,0.3729,0.3705,0.3721,AUD
2018-01-11,0.3723,0.3726,0.3701,0.3706,AUD
2018-01-12,0.3705,0.3745,0.3699,0.3723,AUD
2018-01-15,0.3726,0.373,0.3685,0.3691,AUD
2018-01-16,0.3692,0.3699,0.3657,0.3661,AUD
2018-01-17,0.3662,0.3671,0.3629,0.3645,AUD
2018-01-18,0.3645,0.3666,0.3636,0.3658,AUD
2018-01-19,0.3658,0.3672,0.3648,0.3662,AUD
2018-01-22,0.366,0.3667,0.3643,0.3652,AUD
2018-01-23,0.3653,0.3676,0.3649,0.3665,AUD
2018-01-24,0.3665,0.3669,0.3625,0.3638,AUD
2018-01-25,0.3637,0.3678,0.3615,0.3671,AUD
2018-01-26,0.3668,0.3679,0.3625,0.3636,AUD
2018-01-29,0.363,0.3649,0.3621,0.3635,AUD
2018-01-30,0.3634,0.3654,0.3613,0.3619,AUD
2018-01-31,0.3619,0.3644,0.3607,0.363,AUD
2018-02-01,0.3631,0.3662,0.3623,0.3626,AUD
2018-02-02,0.3625,0.3668,0.3623,0.3659,AUD
2018-02-05,0.3656,0.3676,0.3646,0.3671,AUD
2018-02-06,0.3672,0.3687,0.363,0.3632,AUD
2018-02-07,0.3633,0.3663,0.3629,0.3659,AUD
2018-02-08,0.3659,0.3678,0.3641,0.3654,AUD
2018-02-09,0.3654,0.3669,0.3619,0.3639,AUD
2018-02-12,0.3641,0.3645,0.3612,0.3613,AUD
2018-02-13,0.3612,0.3622,0.3592,0.3599,AUD
2018-02-14,0.3599,0.363,0.3577,0.3582,AUD
2018-02-15,0.3582,0.3591,0.3559,0.3561,AUD
2018-02-16,0.3562,0.3574,0.3542,0.3563,AUD
2018-02-19,0.3567,0.3609,0.3552,0.3603,AUD
2018-02-20,0.3604,0.3631,0.359,0.3625,AUD
2018-02-21,0.3625,0.3669,0.3615,0.3665,AUD
2018-02-22,0.3664,0.367,0.3639,0.3649,AUD
2018-02-23,0.3649,0.3674,0.3646,0.3657,AUD
2018-02-26,0.3656,0.3666,0.3631,0.3655,AUD
2018-02-27,0.3655,0.3693,0.3648,0.3685,AUD
2018-02-28,0.3684,0.3709,0.3669,0.3705,AUD
2018-03-01,0.3705,0.3729,0.37,0.3718,AUD
2018-03-02,0.3718,0.3761,0.3712,0.3742,AUD
2018-03-05,0.374,0.3754,0.3711,0.3715,AUD
2018-03-06,0.3715,0.3721,0.3684,0.3695,AUD
2018-03-07,0.3693,0.3721,0.3679,0.3696,AUD
2018-03-08,0.3698,0.3723,0.369,0.3711,AUD
2018-03-09,0.3713,0.3731,0.3697,0.3698,AUD
2018-03-12,0.3694,0.3703,0.3681,0.3689,AUD
2018-03-13,0.369,0.3716,0.3679,0.3708,AUD
2018-03-14,0.3707,0.3712,0.3683,0.3694,AUD
2018-03-15,0.3695,0.3721,0.3691,0.3715,AUD
2018-03-16,0.3715,0.3755,0.3713,0.3749,AUD
2018-03-19,0.3748,0.3762,0.3726,0.3731,AUD
2018-03-20,0.3731,0.3745,0.372,0.3741,AUD
2018-03-21,0.374,0.3748,0.3698,0.3718,AUD
2018-03-22,0.3718,0.3736,0.3701,0.3735,AUD
2018-03-23,0.3734,0.3736,0.3703,0.3728,AUD
2018-03-26,0.3714,0.3726,0.3687,0.3691,AUD
2018-03-27,0.3692,0.374,0.3686,0.3732,AUD
2018-03-28,0.3732,0.3736,0.3715,0.3722,AUD
2018-03-29,0.3723,0.373,0.3701,0.3715,AUD
2018-03-30,0.3714,0.3731,0.37,0.3731,AUD
2018-04-02,0.3726,0.373,0.3699,0.37,AUD
2018-04-03,0.3699,0.3705,0.3676,0.3686,AUD
2018-04-04,0.3689,0.37,0.3659,0.3664,AUD
2018-04-05,0.3666,0.3697,0.3659,0.3688,AUD
2018-04-06,0.369,0.3705,0.3676,0.3683,AUD
2018-04-09,0.368,0.3705,0.3676,0.3691,AUD
2018-04-10,0.3691,0.3699,0.367,0.368,AUD
2018-04-11,0.3679,0.369,0.3663,0.3674,AUD
2018-04-12,0.3674,0.368,0.3663,0.3673,AUD
2018-04-13,0.3672,0.3674,0.3643,0.3661,AUD
2018-04-16,0.366,0.368,0.3641,0.3644,AUD
2018-04-17,0.3644,0.3667,0.3639,0.3666,AUD
2018-04-18,0.3665,0.3673,0.365,0.3657,AUD
2018-04-19,0.3656,0.3681,0.3643,0.3674,AUD
2018-04-20,0.3674,0.3704,0.367,0.3693,AUD
2018-04-23,0.3691,0.3713,0.3681,0.3709,AUD
2018-04-24,0.371,0.3724,0.3685,0.3689,AUD
2018-04-25,0.3689,0.3705,0.3674,0.3684,AUD
2018-04-26,0.3685,0.3699,0.367,0.3691,AUD
2018-04-27,0.3689,0.3698,0.3673,0.3676,AUD
2018-04-30,0.3678,0.37,0.3674,0.369,AUD
2018-05-01,0.3693,0.371,0.3674,0.37,AUD
2018-05-02,0.3701,0.3708,0.3671,0.3683,AUD
2018-05-03,0.3684,0.3691,0.3653,0.3671,AUD
2018-05-04,0.3673,0.3684,0.3656,0.3669,AUD
2018-05-07,0.3675,0.3693,0.3666,0.3687,AUD
2018-05-08,0.3691,0.3735,0.3684,0.3706,AUD
2018-05-09,0.371,0.3748,0.3702,0.3738,AUD
2018-05-10,0.3738,0.3755,0.3714,0.3725,AUD
2018-05-11,0.3725,0.373,0.37,0.3709,AUD
2018-05-14,0.3708,0.3716,0.3693,0.3699,AUD
2018-05-15,0.3698,0.3735,0.3691,0.3719,AUD
2018-05-16,0.372,0.3731,0.3705,0.371,AUD
2018-05-17,0.371,0.372,0.3695,0.3705,AUD
2018-05-18,0.3705,0.3714,0.3696,0.3705,AUD
2018-05-21,0.37,0.3711,0.3684,0.3691,AUD
2018-05-22,0.3691,0.3712,0.368,0.3707,AUD
2018-05-23,0.3708,0.3729,0.37,0.3703,AUD
2018-05-24,0.37,0.3716,0.3691,0.3703,AUD
2018-05-25,0.3703,0.3725,0.3696,0.3719,AUD
2018-05-28,0.3724,0.3724,0.3701,0.3708,AUD
2018-05-29,0.3706,0.3723,0.3685,0.371,AUD
2018-05-30,0.371,0.3725,0.3693,0.3697,AUD
2018-05-31,0.3697,0.3716,0.3685,0.3711,AUD
2018-06-01,0.3711,0.375,0.3708,0.3714,AUD
2018-06-04,0.3715,0.3721,0.365,0.3668,AUD
2018-06-05,0.3665,0.369,0.3658,0.3681,AUD
2018-06-06,0.368,0.3684,0.3645,0.3653,AUD
2018-06-07,0.3653,0.3683,0.3649,0.3673,AUD
2018-06-08,0.3673,0.3704,0.367,0.3689,AUD
2018-06-11,0.3685,0.3701,0.3669,0.368,AUD
2018-06-12,0.368,0.369,0.3663,0.3681,AUD
2018-06-13,0.3683,0.3689,0.3655,0.3675,AUD
2018-06-14,0.3674,0.3701,0.3668,0.3696,AUD
2018-06-15,0.37,0.3722,0.3687,0.3706,AUD
2018-06-18,0.37,0.3716,0.3693,0.37,AUD
2018-06-19,0.37,0.3738,0.3697,0.373,AUD
2018-06-20,0.3731,0.375,0.3714,0.3748,AUD
2018-06-21,0.3749,0.3759,0.3735,0.374,AUD
2018-06-22,0.3741,0.3748,0.3719,0.3729,AUD
2018-06-25,0.3726,0.3741,0.372,0.3728,AUD
2018-06-26,0.3728,0.3735,0.371,0.3719,AUD
2018-06-27,0.3719,0.3744,0.3704,0.3734,AUD
2018-06-28,0.3734,0.3744,0.3718,0.372,AUD
2018-06-29,0.3721,0.3728,0.369,0.3693,AUD
2018-07-02,0.3695,0.3728,0.3688,0.3719,AUD
2018-07-03,0.372,0.373,0.3691,0.371,AUD
2018-07-04,0.3711,0.3719,0.3688,0.3711,AUD
2018-07-05,0.371,0.373,0.3705,0.372,AUD
2018-07-06,0.3721,0.3729,0.3701,0.3712,AUD
2018-07-09,0.3713,0.3715,0.3683,0.3689,AUD
2018-07-10,0.3688,0.37,0.368,0.3691,AUD
2018-07-11,0.369,0.3724,0.369,0.372,AUD
2018-07-12,0.3721,0.3726,0.3703,0.371,AUD
2018-07-13,0.371,0.3726,0.3698,0.3703,AUD
2018-07-16,0.3712,0.3729,0.3687,0.3716,AUD
2018-07-17,0.3716,0.3732,0.3707,0.3726,AUD
2018-07-18,0.3725,0.3742,0.3711,0.3716,AUD
2018-07-19,0.3716,0.3743,0.3694,0.3729,AUD
2018-07-20,0.3731,0.3751,0.3709,0.3713,AUD
2018-07-23,0.372,0.3725,0.3704,0.3715,AUD
2018-07-24,0.3714,0.3725,0.3686,0.3691,AUD
2018-07-25,0.369,0.3714,0.3674,0.3693,AUD
2018-07-26,0.3693,0.3721,0.3689,0.3714,AUD
2018-07-27,0.3715,0.3718,0.3684,0.37,AUD
2018-07-30,0.3706,0.3707,0.3682,0.3685,AUD
2018-07-31,0.3684,0.3693,0.366,0.3668,AUD
2018-08-01,0.3669,0.3681,0.366,0.3674,AUD
2018-08-02,0.3675,0.3689,0.3671,0.3682,AUD
2018-08-03,0.3682,0.3686,0.3649,0.3663,AUD
2018-08-06,0.3655,0.3677,0.3648,0.3652,AUD
2018-08-07,0.3653,0.3665,0.3639,0.3663,AUD
2018-08-08,0.3664,0.3675,0.3653,0.3658,AUD
2018-08-09,0.3656,0.3675,0.3644,0.3675,AUD
2018-08-10,0.3675,0.3709,0.367,0.3686,AUD
2018-08-13,0.369,0.3734,0.3685,0.3725,AUD
2018-08-14,0.3725,0.3757,0.3715,0.3749,AUD
2018-08-15,0.3749,0.3771,0.3746,0.375,AUD
2018-08-16,0.3751,0.3759,0.3727,0.3752,AUD
2018-08-17,0.3752,0.3757,0.3732,0.3735,AUD
2018-08-20,0.3734,0.3744,0.3721,0.3729,AUD
2018-08-21,0.373,0.374,0.3715,0.3728,AUD
2018-08-22,0.3726,0.3754,0.3725,0.375,AUD
2018-08-23,0.3748,0.379,0.3745,0.3781,AUD
2018-08-24,0.3784,0.3789,0.375,0.377,AUD
2018-08-27,0.3775,0.3775,0.3746,0.375,AUD
2018-08-28,0.375,0.3764,0.3745,0.3757,AUD
2018-08-29,0.3758,0.3801,0.3748,0.379,AUD
2018-08-30,0.379,0.3819,0.3786,0.3809,AUD
2018-08-31,0.3811,0.3864,0.3807,0.3853,AUD
2018-09-03,0.3851,0.3871,0.383,0.3836,AUD
2018-09-04,0.3836,0.3856,0.3824,0.3851,AUD
2018-09-05,0.3854,0.387,0.3831,0.3862,AUD
2018-09-06,0.3861,0.3881,0.3851,0.3876,AUD
2018-09-07,0.3873,0.3924,0.3868,0.3916,AUD
2018-09-10,0.3911,0.3927,0.3903,0.3923,AUD
2018-09-11,0.3925,0.3946,0.3916,0.3921,AUD
2018-09-12,0.3918,0.3936,0.3891,0.3901,AUD
2018-09-13,0.3903,0.3905,0.3872,0.3898,AUD
2018-09-14,0.39,0.3911,0.389,0.3906,AUD
2018-09-17,0.3905,0.3911,0.3876,0.3886,AUD
2018-09-18,0.3889,0.3909,0.3858,0.386,AUD
2018-09-19,0.3861,0.3862,0.3835,0.3839,AUD
2018-09-20,0.3841,0.3854,0.3835,0.384,AUD
2018-09-21,0.3841,0.3852,0.3832,0.3841,AUD
2018-09-24,0.385,0.3866,0.3845,0.3855,AUD
2018-09-25,0.3854,0.3863,0.3838,0.3847,AUD
2018-09-26,0.3848,0.3856,0.3819,0.3845,AUD
2018-09-27,0.3845,0.3856,0.383,0.3847,AUD
2018-09-28,0.3848,0.3852,0.3798,0.3802,AUD
2018-10-01,0.38,0.3819,0.38,0.3806,AUD
2018-10-02,0.3808,0.3827,0.3797,0.3813,AUD
2018-10-03,0.3812,0.3872,0.3806,0.3864,AUD
2018-10-04,0.3865,0.3893,0.3857,0.3887,AUD
2018-10-05,0.3887,0.3915,0.3882,0.3912,AUD
2018-10-08,0.3915,0.3925,0.3876,0.3877,AUD
2018-10-09,0.3874,0.3897,0.3869,0.3871,AUD
2018-10-10,0.3872,0.3914,0.3859,0.3899,AUD
2018-10-11,0.3898,0.3908,0.386,0.3866,AUD
2018-10-12,0.3867,0.3881,0.3855,0.3876,AUD
2018-10-15,0.3877,0.3883,0.3839,0.3846,AUD
2018-10-16,0.3846,0.3861,0.3835,0.3846,AUD
2018-10-17,0.3846,0.3857,0.3827,0.3856,AUD
2018-10-18,0.3855,0.3856,0.3826,0.3846,AUD
2018-10-19,0.3846,0.3852,0.3822,0.384,AUD
2018-10-22,0.3844,0.386,0.3835,0.3857,AUD
2018-10-23,0.3857,0.3869,0.3838,0.3843,AUD
2018-10-24,0.3842,0.3849,0.3826,0.3844,AUD
2018-10-25,0.3844,0.385,0.3816,0.3821,AUD
2018-10-26,0.3821,0.3853,0.3807,0.3815,AUD
2018-10-29,0.3821,0.383,0.3797,0.3821,AUD
2018-10-30,0.382,0.3822,0.3782,0.3791,AUD
2018-10-31,0.3791,0.3812,0.3777,0.3801,AUD
2018-11-01,0.3801,0.3804,0.3746,0.375,AUD
2018-11-02,0.3751,0.3775,0.3728,0.3763,AUD
2018-11-05,0.376,0.3772,0.3751,0.3759,AUD
2018-11-06,0.3759,0.3762,0.374,0.3743,AUD
2018-11-07,0.3743,0.3769,0.373,0.3748,AUD
2018-11-08,0.3748,0.3759,0.3729,0.374,AUD
2018-11-09,0.3739,0.377,0.373,0.3769,AUD
2018-11-12,0.377,0.3789,0.3755,0.3774,AUD
2018-11-13,0.3772,0.378,0.375,0.3755,AUD
2018-11-14,0.3755,0.377,0.3736,0.3743,AUD
2018-11-15,0.3745,0.375,0.3695,0.3705,AUD
2018-11-16,0.3704,0.3719,0.3679,0.3681,AUD
2018-11-19,0.3687,0.3711,0.3669,0.3703,AUD
2018-11-20,0.3701,0.3718,0.3686,0.3715,AUD
2018-11-21,0.3715,0.3721,0.3684,0.3694,AUD
2018-11-22,0.3693,0.3708,0.3684,0.3686,AUD
2018-11-23,0.3686,0.3709,0.3683,0.3699,AUD
2018-11-26,0.3701,0.3732,0.3686,0.3728,AUD
2018-11-27,0.3728,0.3734,0.3695,0.3705,AUD
2018-11-28,0.3704,0.3711,0.3664,0.3681,AUD
2018-11-29,0.368,0.3697,0.3664,0.3685,AUD
2018-11-30,0.3685,0.3701,0.3669,0.3678,AUD
2018-12-03,0.3654,0.3664,0.3636,0.3649,AUD
2018-12-04,0.3648,0.3653,0.362,0.3648,AUD
2018-12-05,0.3646,0.3696,0.3636,0.3691,AUD
2018-12-06,0.369,0.3729,0.369,0.3698,AUD
2018-12-07,0.3695,0.3725,0.3693,0.3721,AUD
2018-12-10,0.3725,0.3736,0.3705,0.3715,AUD
2018-12-11,0.3715,0.3719,0.3684,0.37,AUD
2018-12-12,0.37,0.371,0.3681,0.3693,AUD
2018-12-13,0.3692,0.3698,0.3671,0.3675,AUD
2018-12-14,0.3676,0.371,0.3674,0.3696,AUD
2018-12-17,0.3694,0.3705,0.3686,0.3695,AUD
2018-12-18,0.3695,0.3715,0.3689,0.3701,AUD
2018-12-19,0.3703,0.375,0.3691,0.374,AUD
2018-12-20,0.374,0.3757,0.3721,0.3735,AUD
2018-12-21,0.3735,0.3776,0.3725,0.3774,AUD
2018-12-24,0.3774,0.3775,0.3744,0.3757,AUD
2018-12-25,0.3761,0.3773,0.3749,0.3758,AUD
2018-12-26,0.376,0.3769,0.3744,0.3745,AUD
2018-12-27,0.3745,0.3784,0.374,0.377,AUD
2018-12-28,0.377,0.3781,0.3754,0.3772,AUD
2018-12-31,0.3765,0.381,0.3749,0.3795,AUD
2019-01-01,0.3795,0.3797,0.3785,0.3797,AUD
2019-01-02,0.3799,0.3829,0.3782,0.3814,AUD
2019-01-03,0.3814,0.3931,0.3811,0.3831,AUD
2019-01-04,0.383,0.3843,0.3784,0.3791,AUD
2019-01-07,0.3789,0.3805,0.3771,0.3772,AUD
2019-01-08,0.3775,0.3802,0.3772,0.3787,AUD
2019-01-09,0.3786,0.3805,0.377,0.3801,AUD
2019-01-10,0.3801,0.3816,0.3785,0.3792,AUD
2019-01-11,0.3794,0.3796,0.3765,0.3775,AUD
2019-01-14,0.3775,0.3806,0.377,0.3794,AUD
2019-01-15,0.3794,0.3797,0.3771,0.3773,AUD
2019-01-16,0.3774,0.3795,0.3764,0.3785,AUD
2019-01-17,0.3785,0.3797,0.3751,0.3766,AUD
2019-01-18,0.3766,0.3785,0.3754,0.378,AUD
2019-01-21,0.3781,0.3792,0.3769,0.378,AUD
2019-01-22,0.378,0.3821,0.3779,0.3815,AUD
2019-01-23,0.3815,0.382,0.3798,0.381,AUD
2019-01-24,0.381,0.3841,0.3796,0.3824,AUD
2019-01-25,0.3821,0.3835,0.3795,0.3802,AUD
2019-01-28,0.3797,0.3809,0.3782,0.3797,AUD
2019-01-29,0.3799,0.3814,0.3786,0.3797,AUD
2019-01-30,0.3797,0.38,0.3759,0.3775,AUD
2019-01-31,0.3775,0.3791,0.376,0.3784,AUD
2019-02-01,0.3785,0.3805,0.378,0.3792,AUD
2019-02-04,0.3795,0.3844,0.3789,0.3831,AUD
2019-02-05,0.383,0.3848,0.3804,0.3829,AUD
2019-02-06,0.3829,0.3888,0.3821,0.3886,AUD
2019-02-07,0.3888,0.3895,0.3871,0.3874,AUD
2019-02-08,0.3875,0.3896,0.3866,0.3875,AUD
2019-02-11,0.3875,0.3887,0.3862,0.3882,AUD
2019-02-12,0.3881,0.3887,0.3866,0.3876,AUD
2019-02-13,0.3877,0.3878,0.3851,0.3865,AUD
2019-02-14,0.3865,0.3876,0.3836,0.387,AUD
2019-02-15,0.387,0.3887,0.3858,0.3865,AUD
2019-02-18,0.3864,0.3878,0.3856,0.3876,AUD
2019-02-19,0.3877,0.3888,0.3854,0.3856,AUD
2019-02-20,0.3855,0.3873,0.3851,0.3867,AUD
2019-02-21,0.3867,0.3909,0.3842,0.3897,AUD
2019-02-22,0.3894,0.3901,0.3872,0.3885,AUD
2019-02-25,0.3883,0.3886,0.3856,0.3867,AUD
2019-02-26,0.3869,0.3876,0.384,0.3844,AUD
2019-02-27,0.3844,0.3882,0.3836,0.3874,AUD
2019-02-28,0.3875,0.3892,0.3862,0.389,AUD
2019-03-01,0.3892,0.3899,0.387,0.3887,AUD
2019-03-04,0.3883,0.39,0.3866,0.3891,AUD
2019-03-05,0.3893,0.3915,0.389,0.3906,AUD
2019-03-06,0.3905,0.3948,0.3897,0.3941,AUD
2019-03-07,0.3942,0.3947,0.3918,0.393,AUD
2019-03-08,0.393,0.3937,0.3906,0.391,AUD
2019-03-11,0.3907,0.3926,0.3901,0.3902,AUD
2019-03-12,0.3901,0.3911,0.3893,0.391,AUD
2019-03-13,0.3911,0.393,0.3906,0.3916,AUD
2019-03-14,0.3916,0.3952,0.3911,0.3921,AUD
2019-03-15,0.3922,0.3932,0.3906,0.3921,AUD
2019-03-18,0.3927,0.3931,0.3902,0.3905,AUD
2019-03-19,0.3905,0.3916,0.3898,0.3911,AUD
2019-03-20,0.3912,0.393,0.3885,0.391,AUD
2019-03-21,0.3911,0.3918,0.3882,0.3902,AUD
2019-03-22,0.3903,0.3916,0.3891,0.3897,AUD
2019-03-25,0.3903,0.391,0.3871,0.3872,AUD
2019-03-26,0.3875,0.3884,0.3863,0.3869,AUD
2019-03-27,0.3871,0.3897,0.3867,0.3881,AUD
2019-03-28,0.3884,0.3904,0.387,0.3895,AUD
2019-03-29,0.3898,0.3902,0.3876,0.3876,AUD
2019-04-01,0.3871,0.3885,0.3863,0.3879,AUD
2019-04-02,0.3881,0.3914,0.3872,0.3901,AUD
2019-04-03,0.3905,0.3914,0.3883,0.3901,AUD
2019-04-04,0.3904,0.3923,0.3896,0.3917,AUD
2019-04-05,0.392,0.394,0.3908,0.3929,AUD
2019-04-08,0.3931,0.3938,0.3909,0.3912,AUD
2019-04-09,0.3914,0.3925,0.3902,0.392,AUD
2019-04-10,0.3923,0.3932,0.3893,0.3891,AUD
2019-04-11,0.3896,0.3925,0.3894,0.392,AUD
2019-04-12,0.3922,0.3926,0.3895,0.3905,AUD
2019-04-15,0.3906,0.3919,0.39,0.3912,AUD
2019-04-16,0.3914,0.3938,0.3904,0.3905,AUD
2019-04-17,0.3907,0.3919,0.3878,0.3896,AUD
2019-04-18,0.3899,0.3907,0.3883,0.3889,AUD
2019-04-19,0.3891,0.3896,0.3886,0.389,AUD
2019-04-22,0.3892,0.3907,0.3886,0.3899,AUD
2019-04-23,0.3901,0.3917,0.3897,0.3907,AUD
2019-04-24,0.3908,0.395,0.3906,0.3931,AUD
2019-04-25,0.3933,0.3943,0.3923,0.3925,AUD
2019-04-26,0.3928,0.3932,0.3902,0.392,AUD
2019-04-29,0.3921,0.393,0.3911,0.3918,AUD
2019-04-30,0.3925,0.395,0.3919,0.3937,AUD
2019-05-01,0.394,0.3977,0.3937,0.3965,AUD
2019-05-02,0.3969,0.3975,0.3952,0.3967,AUD
2019-05-03,0.3968,0.3984,0.3964,0.3971,AUD
2019-05-06,0.3996,0.4009,0.3976,0.3987,AUD
2019-05-07,0.399,0.3995,0.3956,0.3965,AUD
2019-05-08,0.397,0.4009,0.3962,0.4004,AUD
2019-05-09,0.4006,0.4021,0.4,0.4004,AUD
2019-05-10,0.4007,0.402,0.399,0.4009,AUD
2019-05-13,0.4012,0.403,0.4006,0.4025,AUD
2019-05-14,0.4027,0.4034,0.4016,0.4023,AUD
2019-05-15,0.4028,0.4054,0.4026,0.4037,AUD
2019-05-16,0.4039,0.4065,0.4036,0.4059,AUD
2019-05-17,0.4062,0.4079,0.4056,0.4072,AUD
2019-05-20,0.4039,0.4061,0.4032,0.4037,AUD
2019-05-21,0.4042,0.4063,0.4011,0.401,AUD
2019-05-22,0.4013,0.4028,0.401,0.4019,AUD
2019-05-23,0.4021,0.4033,0.4011,0.4012,AUD
2019-05-24,0.4015,0.4029,0.4001,0.4006,AUD
2019-05-27,0.4008,0.4016,0.3997,0.4006,AUD
2019-05-28,0.4009,0.4013,0.3989,0.3995,AUD
2019-05-29,0.3999,0.4008,0.3988,0.3999,AUD
2019-05-30,0.4001,0.4002,0.3976,0.3981,AUD
2019-05-31,0.3983,0.3996,0.3969,0.397,AUD
2019-06-03,0.3977,0.3984,0.3954,0.3965,AUD
2019-06-04,0.3967,0.398,0.3946,0.3951,AUD
2019-06-05,0.3953,0.3985,0.3945,0.3977,AUD
2019-06-06,0.3979,0.3988,0.3973,0.3983,AUD
2019-06-07,0.3986,0.4,0.3973,0.3994,AUD
2019-06-10,0.3993,0.4017,0.3983,0.4008,AUD
2019-06-11,0.4013,0.4023,0.4008,0.4006,AUD
2019-06-12,0.4011,0.4027,0.4009,0.4017,AUD
2019-06-13,0.4019,0.4038,0.4012,0.4018,AUD
2019-06-14,0.402,0.4045,0.4016,0.4033,AUD
2019-06-17,0.4037,0.4046,0.4024,0.404,AUD
2019-06-18,0.4043,0.4057,0.4026,0.4032,AUD
2019-06-19,0.4034,0.4054,0.4025,0.4046,AUD
2019-06-20,0.405,0.4053,0.4016,0.402,AUD
2019-06-21,0.4023,0.4026,0.3973,0.3992,AUD
2019-06-24,0.3992,0.3998,0.3972,0.3989,AUD
2019-06-25,0.3991,0.4005,0.3978,0.3989,AUD
2019-06-26,0.3993,0.3996,0.3976,0.3983,AUD
2019-06-27,0.3984,0.4001,0.3973,0.3991,AUD
2019-06-28,0.3994,0.4005,0.3987,0.3988,AUD
2019-07-01,0.3986,0.402,0.3984,0.4006,AUD
2019-07-02,0.4008,0.4012,0.3993,0.3996,AUD
2019-07-03,0.3999,0.4006,0.3979,0.3985,AUD
2019-07-04,0.3988,0.4004,0.3976,0.3993,AUD
2019-07-05,0.3997,0.4022,0.3991,0.4004,AUD
2019-07-08,0.4008,0.4023,0.3993,0.4011,AUD
2019-07-09,0.4016,0.4054,0.4012,0.404,AUD
2019-07-10,0.4047,0.4053,0.403,0.4044,AUD
2019-07-11,0.4047,0.405,0.403,0.4033,AUD
2019-07-12,0.4037,0.4039,0.4005,0.4011,AUD
2019-07-15,0.4017,0.4028,0.3999,0.3998,AUD
2019-07-16,0.4001,0.4021,0.3997,0.4017,AUD
2019-07-17,0.4019,0.4037,0.4014,0.4025,AUD
2019-07-18,0.4029,0.4033,0.3995,0.3998,AUD
2019-07-19,0.4,0.4015,0.3998,0.4009,AUD
2019-07-22,0.4009,0.4033,0.4007,0.4028,AUD
2019-07-23,0.403,0.4042,0.4018,0.403,AUD
2019-07-24,0.4033,0.4072,0.4026,0.4064,AUD
2019-07-25,0.4067,0.4086,0.4061,0.4071,AUD
2019-07-26,0.4075,0.4117,0.4073,0.4106,AUD
2019-07-29,0.4104,0.4121,0.41,0.4111,AUD
2019-07-30,0.4117,0.4173,0.4111,0.4164,AUD
2019-07-31,0.4167,0.4184,0.4138,0.4158,AUD
2019-08-01,0.416,0.4194,0.4135,0.4184,AUD
2019-08-02,0.4187,0.4227,0.4175,0.4206,AUD
2019-08-05,0.421,0.4246,0.4207,0.4242,AUD
2019-08-06,0.4244,0.4249,0.4202,0.4239,AUD
2019-08-07,0.4242,0.4296,0.4225,0.4252,AUD
2019-08-08,0.4254,0.4259,0.4214,0.4222,AUD
2019-08-09,0.4225,0.4244,0.4215,0.4234,AUD
2019-08-12,0.4235,0.4267,0.4232,0.4259,AUD
2019-08-13,0.4261,0.4268,0.421,0.4217,AUD
2019-08-14,0.4217,0.4251,0.4202,0.4204,AUD
2019-08-15,0.4208,0.4212,0.4165,0.4167,AUD
2019-08-16,0.4169,0.4179,0.4148,0.4161,AUD
2019-08-19,0.416,0.4197,0.4149,0.4189,AUD
2019-08-20,0.4195,0.4198,0.4173,0.4178,AUD
2019-08-21,0.418,0.4191,0.4169,0.4181,AUD
2019-08-22,0.4185,0.4215,0.4178,0.4203,AUD
2019-08-23,0.4208,0.4227,0.42,0.4214,AUD
2019-08-26,0.4232,0.426,0.4183,0.4188,AUD
2019-08-27,0.4192,0.4217,0.4187,0.4202,AUD
2019-08-28,0.4204,0.4217,0.419,0.4209,AUD
2019-08-29,0.4211,0.4222,0.4198,0.4205,AUD
2019-08-30,0.4211,0.4223,0.4199,0.4202,AUD
2019-09-02,0.4214,0.4219,0.4196,0.4204,AUD
2019-09-03,0.4205,0.4225,0.4174,0.4178,AUD
2019-09-04,0.4179,0.4184,0.4163,0.4167,AUD
2019-09-05,0.4172,0.4185,0.4152,0.4164,AUD
2019-09-06,0.4168,0.4176,0.4138,0.4142,AUD
2019-09-09,0.415,0.4156,0.4122,0.4128,AUD
2019-09-10,0.4132,0.414,0.4106,0.4109,AUD
2019-09-11,0.4113,0.4123,0.4094,0.4111,AUD
2019-09-12,0.4115,0.4126,0.4094,0.4118,AUD
2019-09-13,0.4122,0.4132,0.4111,0.4113,AUD
2019-09-16,0.4118,0.4133,0.4101,0.4105,AUD
2019-09-17,0.4108,0.4129,0.4103,0.4103,AUD
2019-09-18,0.4105,0.4152,0.4104,0.4138,AUD
2019-09-19,0.4141,0.4195,0.4137,0.4184,AUD
2019-09-20,0.4187,0.4204,0.4178,0.4193,AUD
2019-09-23,0.4197,0.4208,0.4187,0.4199,AUD
2019-09-24,0.42,0.4214,0.4184,0.4201,AUD
2019-09-25,0.4204,0.4236,0.42,0.422,AUD
2019-09-26,0.4223,0.4254,0.4195,0.4245,AUD
2019-09-27,0.4249,0.4255,0.4233,0.4239,AUD
2019-09-30,0.4244,0.427,0.4241,0.4256,AUD
2019-10-01,0.4261,0.4303,0.4245,0.4275,AUD
2019-10-02,0.428,0.4302,0.4268,0.4268,AUD
2019-10-03,0.4271,0.4276,0.4235,0.4245,AUD
2019-10-04,0.4246,0.4259,0.4232,0.4237,AUD
2019-10-07,0.4241,0.4261,0.4217,0.4226,AUD
2019-10-08,0.4228,0.4246,0.4216,0.4236,AUD
2019-10-09,0.4238,0.4248,0.4228,0.4238,AUD
2019-10-10,0.4243,0.4257,0.4206,0.4212,AUD
2019-10-11,0.4215,0.4222,0.4186,0.4203,AUD
2019-10-14,0.4209,0.4223,0.4199,0.4201,AUD
2019-10-15,0.4204,0.4214,0.4195,0.4203,AUD
2019-10-16,0.4208,0.4224,0.4184,0.4186,AUD
2019-10-17,0.4187,0.4193,0.4132,0.4133,AUD
2019-10-18,0.4137,0.4144,0.4116,0.4116,AUD
2019-10-21,0.412,0.4128,0.4104,0.4107,AUD
2019-10-22,0.4112,0.4133,0.4099,0.4123,AUD
2019-10-23,0.4128,0.4144,0.4123,0.4131,AUD
2019-10-24,0.4135,0.4166,0.4133,0.414,AUD
2019-10-25,0.4144,0.4155,0.4134,0.4143,AUD
2019-10-28,0.4147,0.4156,0.4135,0.4138,AUD
2019-10-29,0.414,0.4144,0.412,0.4129,AUD
2019-10-30,0.4132,0.4141,0.4104,0.4103,AUD
2019-10-31,0.4106,0.4123,0.409,0.4114,AUD
2019-11-01,0.4117,0.4124,0.4094,0.4096,AUD
2019-11-04,0.4101,0.4139,0.4091,0.4134,AUD
2019-11-05,0.4136,0.4161,0.4112,0.4151,AUD
2019-11-06,0.4154,0.4169,0.414,0.416,AUD
2019-11-07,0.4163,0.4175,0.4137,0.4144,AUD
2019-11-08,0.4147,0.4182,0.4142,0.4168,AUD
2019-11-11,0.417,0.4184,0.4156,0.4164,AUD
2019-11-12,0.4168,0.4179,0.4141,0.4167,AUD
2019-11-13,0.4171,0.4198,0.4162,0.4182,AUD
2019-11-14,0.4187,0.4243,0.4182,0.4227,AUD
2019-11-15,0.423,0.4241,0.4218,0.4218,AUD
2019-11-18,0.4227,0.4256,0.4218,0.4239,AUD
2019-11-19,0.4242,0.4261,0.4224,0.4225,AUD
2019-11-20,0.4229,0.4246,0.4218,0.4232,AUD
2019-11-21,0.4235,0.426,0.4233,0.4249,AUD
2019-11-22,0.4252,0.426,0.424,0.4243,AUD
2019-11-25,0.4247,0.4275,0.423,0.425,AUD
2019-11-26,0.4254,0.4272,0.423,0.4253,AUD
2019-11-27,0.4254,0.4262,0.4241,0.4256,AUD
2019-11-28,0.4259,0.427,0.4244,0.4246,AUD
2019-11-29,0.4248,0.4266,0.4234,0.425,AUD
2019-12-02,0.4257,0.4261,0.4213,0.4218,AUD
2019-12-03,0.4221,0.4225,0.4181,0.419,AUD
2019-12-04,0.4192,0.4217,0.4187,0.4198,AUD
2019-12-05,0.4202,0.4235,0.4201,0.4221,AUD
2019-12-06,0.4224,0.4229,0.4204,0.4214,AUD
2019-12-09,0.422,0.4229,0.4211,0.4223,AUD
2019-12-10,0.4226,0.4246,0.4216,0.4221,AUD
2019-12-11,0.4223,0.4226,0.4177,0.4187,AUD
2019-12-12,0.4192,0.4197,0.4156,0.416,AUD
2019-12-13,0.4163,0.4186,0.414,0.4173,AUD
2019-12-16,0.417,0.4183,0.4144,0.415,AUD
2019-12-17,0.4154,0.4187,0.4153,0.418,AUD
2019-12-18,0.4184,0.4188,0.4162,0.4171,AUD
2019-12-19,0.4173,0.4183,0.4151,0.417,AUD
2019-12-20,0.4175,0.4181,0.4163,0.4168,AUD
2019-12-23,0.417,0.4175,0.4152,0.4156,AUD
2019-12-24,0.4159,0.4172,0.415,0.4151,AUD
2019-12-25,0.4157,0.4164,0.4152,0.4155,AUD
2019-12-26,0.4158,0.4165,0.4145,0.4147,AUD
2019-12-27,0.415,0.4154,0.4135,0.4141,AUD
2019-12-30,0.4144,0.415,0.4121,0.413,AUD
2019-12-31,0.4132,0.4134,0.411,0.4121,AUD
2020-01-01,0.4123,0.4129,0.4114,0.4121,AUD
2020-01-02,0.4122,0.4155,0.412,0.4143,AUD
2020-01-03,0.4147,0.4169,0.4124,0.4133,AUD
2020-01-06,0.4133,0.4159,0.4127,0.4144,AUD
2020-01-07,0.4146,0.4208,0.4142,0.4197,AUD
2020-01-08,0.4198,0.4217,0.4187,0.4203,AUD
2020-01-09,0.4207,0.4218,0.4194,0.421,AUD
2020-01-10,0.4213,0.422,0.4173,0.4175,AUD
2020-01-13,0.4182,0.4191,0.4164,0.4179,AUD
2020-01-14,0.4182,0.4193,0.4172,0.4179,AUD
2020-01-15,0.4181,0.4203,0.4178,0.4187,AUD
2020-01-16,0.419,0.4204,0.4173,0.4191,AUD
2020-01-17,0.4195,0.4214,0.4187,0.4206,AUD
2020-01-20,0.4209,0.4221,0.4194,0.4205,AUD
2020-01-21,0.4209,0.4231,0.4204,0.4225,AUD
2020-01-22,0.4227,0.4241,0.4216,0.422,AUD
2020-01-23,0.4221,0.4238,0.4198,0.4223,AUD
2020-01-24,0.4225,0.4248,0.422,0.4234,AUD
2020-01-27,0.4248,0.4284,0.4239,0.4273,AUD
2020-01-28,0.4276,0.4295,0.4271,0.428,AUD
2020-01-29,0.4282,0.4302,0.4272,0.4288,AUD
2020-01-30,0.429,0.4326,0.4286,0.4311,AUD
2020-01-31,0.4313,0.4341,0.4309,0.4327,AUD
2020-02-03,0.4331,0.4345,0.4317,0.4336,AUD
2020-02-04,0.434,0.4348,0.43,0.4298,AUD
2020-02-05,0.4303,0.4314,0.4274,0.4303,AUD
2020-02-06,0.4306,0.4337,0.4294,0.4333,AUD
2020-02-07,0.4335,0.4379,0.4329,0.437,AUD
2020-02-10,0.4367,0.4386,0.4342,0.4371,AUD
2020-02-11,0.4373,0.4377,0.4352,0.4356,AUD
2020-02-12,0.4359,0.4363,0.4316,0.4322,AUD
2020-02-13,0.4324,0.4348,0.4319,0.4342,AUD
2020-02-14,0.4346,0.4352,0.4327,0.4339,AUD
2020-02-17,0.4346,0.4357,0.4328,0.4351,AUD
2020-02-18,0.4354,0.4383,0.4349,0.4369,AUD
2020-02-19,0.4372,0.438,0.4354,0.437,AUD
2020-02-20,0.4374,0.4416,0.4362,0.441,AUD
2020-02-21,0.4412,0.4434,0.4403,0.4413,AUD
2020-02-24,0.4415,0.4442,0.4398,0.4415,AUD
2020-02-25,0.4417,0.4437,0.4403,0.4402,AUD
2020-02-26,0.4407,0.4454,0.4405,0.4444,AUD
2020-02-27,0.4448,0.4455,0.4385,0.4399,AUD
2020-02-28,0.4402,0.4453,0.4391,0.4428,AUD
2020-03-02,0.4446,0.4466,0.437,0.4394,AUD
2020-03-03,0.4396,0.443,0.4367,0.4398,AUD
2020-03-04,0.44,0.4406,0.4359,0.437,AUD
2020-03-05,0.4373,0.4387,0.4335,0.4337,AUD
2020-03-06,0.434,0.4361,0.4307,0.4311,AUD
2020-03-09,0.4333,0.4529,0.4245,0.4306,AUD
2020-03-10,0.4308,0.4383,0.429,0.4351,AUD
2020-03-11,0.4352,0.4372,0.428,0.4324,AUD
2020-03-12,0.4327,0.4403,0.4262,0.4385,AUD
2020-03-13,0.4388,0.4448,0.429,0.4407,AUD
2020-03-16,0.4446,0.4482,0.4297,0.4333,AUD
2020-03-17,0.4336,0.4389,0.4274,0.4364,AUD
2020-03-18,0.4368,0.4659,0.4331,0.4654,AUD
2020-03-19,0.4657,0.4887,0.4557,0.4778,AUD
2020-03-20,0.4788,0.4849,0.4596,0.4762,AUD
2020-03-23,0.478,0.4859,0.4629,0.4618,AUD
2020-03-24,0.4626,0.4694,0.4558,0.4642,AUD
2020-03-25,0.4646,0.4664,0.4554,0.4626,AUD
2020-03-26,0.4633,0.4713,0.4568,0.4584,AUD
2020-03-27,0.4586,0.4637,0.4517,0.4543,AUD
2020-03-30,0.4559,0.459,0.4522,0.4537,AUD
2020-03-31,0.4537,0.4634,0.4516,0.4594,AUD
2020-04-01,0.4596,0.4649,0.4498,0.4568,AUD
2020-04-02,0.4571,0.4577,0.4497,0.4555,AUD
2020-04-03,0.4559,0.4597,0.4535,0.4588,AUD
2020-04-06,0.458,0.4598,0.4529,0.4577,AUD
2020-04-07,0.458,0.4591,0.4469,0.4521,AUD
2020-04-08,0.4524,0.4552,0.4462,0.447,AUD
2020-04-09,0.4475,0.4498,0.4393,0.4403,AUD
2020-04-10,0.4406,0.4426,0.4378,0.4401,AUD
2020-04-13,0.4407,0.4432,0.4364,0.4379,AUD
2020-04-14,0.4383,0.4391,0.4326,0.4326,AUD
2020-04-15,0.433,0.4413,0.4327,0.4387,AUD
2020-04-16,0.4389,0.4439,0.4383,0.4396,AUD
2020-04-17,0.44,0.442,0.4361,0.4379,AUD
2020-04-20,0.4384,0.4435,0.4367,0.4429,AUD
2020-04-21,0.4432,0.4499,0.4422,0.4471,AUD
2020-04-22,0.4474,0.4487,0.4426,0.4461,AUD
2020-04-23,0.4464,0.4493,0.4414,0.4438,AUD
2020-04-24,0.444,0.448,0.4431,0.4438,AUD
2020-04-27,0.444,0.4453,0.4397,0.4409,AUD
2020-04-28,0.4415,0.4431,0.4381,0.4394,AUD
2020-04-29,0.4397,0.4404,0.4356,0.4355,AUD
2020-04-30,0.4358,0.4411,0.4347,0.4403,AUD
2020-05-01,0.4406,0.4451,0.4404,0.4439,AUD
2020-05-04,0.4442,0.4472,0.4388,0.4406,AUD
2020-05-05,0.4407,0.4423,0.4378,0.4417,AUD
2020-05-06,0.4421,0.445,0.4404,0.4438,AUD
2020-05-07,0.4441,0.4458,0.4378,0.4385,AUD
2020-05-08,0.4388,0.4394,0.4352,0.4359,AUD
2020-05-11,0.4364,0.4412,0.4344,0.4386,AUD
2020-05-12,0.4389,0.4427,0.4362,0.4395,AUD
2020-05-13,0.4397,0.4412,0.4363,0.4382,AUD
2020-05-14,0.4385,0.4411,0.4363,0.4366,AUD
2020-05-15,0.4369,0.4415,0.4359,0.4405,AUD
2020-05-18,0.4403,0.4414,0.4341,0.4341,AUD
2020-05-19,0.4343,0.4359,0.432,0.4351,AUD
2020-05-20,0.4353,0.4365,0.4301,0.4314,AUD
2020-05-21,0.4316,0.4345,0.4308,0.4323,AUD
2020-05-22,0.4325,0.4354,0.4316,0.433,AUD
2020-05-25,0.4349,0.4351,0.4322,0.4329,AUD
2020-05-26,0.4332,0.4335,0.4267,0.4279,AUD
2020-05-27,0.4282,0.4345,0.4274,0.4313,AUD
2020-05-28,0.4316,0.4341,0.4266,0.429,AUD
2020-05-29,0.4292,0.431,0.4264,0.4273,AUD
2020-06-01,0.4282,0.4289,0.4207,0.4207,AUD
2020-06-02,0.4209,0.4228,0.4166,0.4165,AUD
2020-06-03,0.4169,0.4201,0.412,0.4155,AUD
2020-06-04,0.4157,0.4182,0.4144,0.4165,AUD
2020-06-05,0.4168,0.4178,0.4124,0.4134,AUD
2020-06-08,0.4136,0.4164,0.4116,0.4126,AUD
2020-06-09,0.4129,0.4191,0.4114,0.4164,AUD
2020-06-10,0.4166,0.4188,0.4124,0.4155,AUD
2020-06-11,0.4158,0.4217,0.4155,0.4205,AUD
2020-06-12,0.4207,0.424,0.4173,0.4189,AUD
2020-06-15,0.4205,0.4227,0.4144,0.4153,AUD
2020-06-16,0.4155,0.4232,0.4124,0.419,AUD
2020-06-17,0.4193,0.4221,0.4179,0.4201,AUD
2020-06-18,0.4207,0.4241,0.4194,0.4224,AUD
2020-06-19,0.4229,0.4244,0.4199,0.4237,AUD
2020-06-22,0.4239,0.426,0.4196,0.4206,AUD
2020-06-23,0.4209,0.4235,0.4184,0.4207,AUD
2020-06-24,0.421,0.4237,0.4192,0.4228,AUD
2020-06-25,0.4231,0.4244,0.4214,0.4222,AUD
2020-06-26,0.4225,0.4262,0.4219,0.4242,AUD
2020-06-29,0.4246,0.4261,0.4216,0.422,AUD
2020-06-30,0.4221,0.423,0.4177,0.418,AUD
2020-07-01,0.4182,0.4212,0.417,0.4186,AUD
2020-07-02,0.4189,0.4212,0.4178,0.4195,AUD
2020-07-03,0.4196,0.4207,0.4186,0.4186,AUD
2020-07-06,0.4195,0.4204,0.4138,0.4144,AUD
2020-07-07,0.4148,0.4182,0.4134,0.4171,AUD
2020-07-08,0.4174,0.4182,0.415,0.4147,AUD
2020-07-09,0.415,0.4174,0.4144,0.4156,AUD
2020-07-10,0.4158,0.4182,0.4149,0.4158,AUD
2020-07-13,0.4162,0.4189,0.414,0.4176,AUD
2020-07-14,0.4179,0.4191,0.4164,0.4166,AUD
2020-07-15,0.4167,0.4173,0.4139,0.4161,AUD
2020-07-16,0.4164,0.4187,0.4141,0.4158,AUD
2020-07-17,0.416,0.4175,0.4147,0.4162,AUD
2020-07-20,0.4166,0.4177,0.4155,0.4161,AUD
2020-07-21,0.4163,0.4169,0.4091,0.4103,AUD
2020-07-22,0.4104,0.4109,0.4066,0.4087,AUD
2020-07-23,0.4091,0.4128,0.4081,0.4123,AUD
2020-07-24,0.4125,0.4143,0.4111,0.4124,AUD
2020-07-27,0.4129,0.4138,0.4094,0.4093,AUD
2020-07-28,0.4095,0.4114,0.4081,0.4092,AUD
2020-07-29,0.4095,0.4106,0.4075,0.4085,AUD
2020-07-30,0.4088,0.4121,0.4079,0.408,AUD
2020-07-31,0.4084,0.4118,0.4062,0.4109,AUD
2020-08-03,0.4114,0.414,0.4098,0.4117,AUD
2020-08-04,0.4119,0.4124,0.4083,0.4087,AUD
2020-08-05,0.4087,0.4092,0.4054,0.4082,AUD
2020-08-06,0.4085,0.4095,0.4056,0.4059,AUD
2020-08-07,0.4062,0.4102,0.4056,0.4094,AUD
2020-08-10,0.4095,0.4115,0.408,0.4101,AUD
2020-08-11,0.4104,0.4112,0.4081,0.4098,AUD
2020-08-12,0.4101,0.4127,0.4088,0.4092,AUD
2020-08-13,0.4094,0.4117,0.4079,0.4105,AUD
2020-08-14,0.4109,0.4121,0.4091,0.4095,AUD
2020-08-17,0.4095,0.4101,0.406,0.4069,AUD
2020-08-18,0.4072,0.4076,0.4047,0.4058,AUD
2020-08-19,0.4061,0.4094,0.4041,0.4087,AUD
2020-08-20,0.409,0.4119,0.4082,0.4086,AUD
2020-08-21,0.4088,0.4117,0.4074,0.4101,AUD
2020-08-24,0.4107,0.4114,0.408,0.4101,AUD
2020-08-25,0.4103,0.4113,0.4085,0.4085,AUD
2020-08-26,0.4087,0.4092,0.4061,0.4064,AUD
2020-08-27,0.4067,0.4118,0.4048,0.4082,AUD
2020-08-28,0.4082,0.4087,0.4039,0.4038,AUD
2020-08-31,0.4046,0.4053,0.4026,0.4041,AUD
2020-09-01,0.4044,0.4049,0.4022,0.4028,AUD
2020-09-02,0.403,0.4073,0.4022,0.4048,AUD
2020-09-03,0.4051,0.4089,0.4048,0.4083,AUD
2020-09-04,0.4086,0.4108,0.4064,0.4075,AUD
2020-09-07,0.4076,0.408,0.4058,0.4062,AUD
2020-09-08,0.4067,0.4088,0.4046,0.4083,AUD
2020-09-09,0.4086,0.4101,0.4037,0.404,AUD
2020-09-10,0.4043,0.4053,0.3994,0.4023,AUD
2020-09-11,0.4025,0.4035,0.3952,0.3963,AUD
2020-09-14,0.3971,0.4008,0.3958,0.399,AUD
2020-09-15,0.3994,0.4008,0.3973,0.3996,AUD
2020-09-16,0.3998,0.4017,0.3979,0.4,AUD
2020-09-17,0.4001,0.4027,0.399,0.3989,AUD
2020-09-18,0.3992,0.4015,0.398,0.4011,AUD
2020-09-21,0.4013,0.4019,0.3987,0.4005,AUD
2020-09-22,0.4007,0.4068,0.3997,0.4059,AUD
2020-09-23,0.4062,0.409,0.4056,0.4076,AUD
2020-09-24,0.4079,0.41,0.4068,0.4078,AUD
2020-09-25,0.4081,0.4102,0.406,0.4086,AUD
2020-09-28,0.4088,0.41,0.4065,0.4079,AUD
2020-09-29,0.4081,0.4087,0.4054,0.4068,AUD
2020-09-30,0.4072,0.409,0.4054,0.4074,AUD
2020-10-01,0.4078,0.4087,0.405,0.4061,AUD
2020-10-02,0.4063,0.4093,0.4058,0.4064,AUD
2020-10-05,0.4074,0.4094,0.405,0.4085,AUD
2020-10-06,0.4087,0.4124,0.4072,0.411,AUD
2020-10-07,0.4115,0.4128,0.4104,0.4112,AUD
2020-10-08,0.4115,0.4128,0.4104,0.4111,AUD
2020-10-09,0.4114,0.4126,0.4085,0.4087,AUD
2020-10-12,0.4098,0.4119,0.4066,0.4087,AUD
2020-10-13,0.4088,0.4126,0.4086,0.4116,AUD
2020-10-14,0.4119,0.4138,0.4106,0.4129,AUD
2020-10-15,0.4128,0.4178,0.4128,0.4156,AUD
2020-10-16,0.416,0.4187,0.4153,0.4179,AUD
2020-10-19,0.418,0.4186,0.4147,0.4177,AUD
2020-10-20,0.418,0.4217,0.4176,0.4194,AUD
2020-10-21,0.4196,0.4198,0.4151,0.4159,AUD
2020-10-22,0.4161,0.418,0.415,0.4151,AUD
2020-10-23,0.4157,0.4177,0.4137,0.4147,AUD
2020-10-26,0.4152,0.4166,0.4128,0.4136,AUD
2020-10-27,0.4138,0.4154,0.4129,0.4144,AUD
2020-10-28,0.4148,0.4186,0.412,0.4162,AUD
2020-10-29,0.4164,0.4178,0.4146,0.4158,AUD
2020-10-30,0.4162,0.4183,0.4145,0.4176,AUD
2020-11-02,0.4174,0.4197,0.4152,0.4153,AUD
2020-11-03,0.4156,0.4174,0.4082,0.4085,AUD
2020-11-04,0.409,0.4165,0.4065,0.41,AUD
2020-11-05,0.4101,0.4124,0.4056,0.4059,AUD
2020-11-06,0.4062,0.4091,0.4058,0.4079,AUD
2020-11-09,0.4081,0.409,0.4054,0.4073,AUD
2020-11-10,0.4074,0.4088,0.4057,0.4058,AUD
2020-11-11,0.406,0.4081,0.4035,0.4065,AUD
2020-11-12,0.4068,0.4105,0.4053,0.4099,AUD
2020-11-13,0.4102,0.4115,0.4081,0.4082,AUD
2020-11-16,0.4088,0.4093,0.4054,0.4057,AUD
2020-11-17,0.4062,0.4092,0.4051,0.4081,AUD
2020-11-18,0.4085,0.4106,0.4064,0.4084,AUD
2020-11-19,0.4087,0.4116,0.4082,0.4095,AUD
2020-11-20,0.4099,0.411,0.4086,0.4095,AUD
2020-11-23,0.4097,0.4109,0.4077,0.4098,AUD
2020-11-24,0.4099,0.4101,0.4065,0.407,AUD
2020-11-25,0.4072,0.411,0.4069,0.4088,AUD
2020-11-26,0.409,0.4109,0.4079,0.4085,AUD
2020-11-27,0.4088,0.4095,0.4075,0.4078,AUD
2020-11-30,0.4078,0.4121,0.4068,0.4115,AUD
2020-12-01,0.4118,0.4139,0.4102,0.4123,AUD
2020-12-02,0.4126,0.4138,0.4101,0.4103,AUD
2020-12-03,0.4104,0.4129,0.4094,0.4111,AUD
2020-12-04,0.4116,0.4139,0.4108,0.4114,AUD
2020-12-07,0.4113,0.4146,0.4105,0.4137,AUD
2020-12-08,0.4139,0.4165,0.4129,0.4135,AUD
2020-12-09,0.4139,0.4144,0.41,0.4123,AUD
2020-12-10,0.4124,0.4144,0.4074,0.4076,AUD
2020-12-11,0.4079,0.4089,0.4059,0.4072,AUD
2020-12-14,0.4073,0.4083,0.4049,0.4066,AUD
2020-12-15,0.407,0.4087,0.4056,0.4062,AUD
2020-12-16,0.4066,0.408,0.4054,0.4055,AUD
2020-12-17,0.4058,0.4065,0.4031,0.4043,AUD
2020-12-18,0.4046,0.4069,0.4043,0.4048,AUD
2020-12-21,0.4066,0.4119,0.4049,0.4053,AUD
2020-12-22,0.4058,0.412,0.4054,0.4112,AUD
2020-12-23,0.4114,0.4118,0.4085,0.4099,AUD
2020-12-24,0.4104,0.411,0.4084,0.4094,AUD
2020-12-25,0.4095,0.4107,0.4077,0.4087,AUD
2020-12-28,0.4097,0.4111,0.4074,0.4093,AUD
2020-12-29,0.4096,0.4102,0.4074,0.4081,AUD
2020-12-30,0.4084,0.4087,0.4043,0.4043,AUD
2020-12-31,0.4046,0.4052,0.4014,0.4039,AUD
2021-01-01,0.4044,0.4047,0.4036,0.4035,AUD
2021-01-04,0.4038,0.4077,0.4025,0.406,AUD
2021-01-05,0.4065,0.4068,0.4013,0.402,AUD
2021-01-06,0.4023,0.4046,0.401,0.4022,AUD
2021-01-07,0.4025,0.4069,0.4019,0.4042,AUD
2021-01-08,0.4048,0.4061,0.4029,0.404,AUD
2021-01-11,0.4049,0.4104,0.4042,0.4093,AUD
2021-01-12,0.4096,0.4115,0.4077,0.4076,AUD
2021-01-13,0.4081,0.4138,0.4075,0.4127,AUD
2021-01-14,0.4132,0.414,0.4021,0.4032,AUD
2021-01-15,0.4036,0.4049,0.3932,0.3968,AUD
2021-01-18,0.3965,0.4055,0.3936,0.4021,AUD
2021-01-19,0.4025,0.4033,0.3986,0.3986,AUD
2021-01-20,0.3993,0.4002,0.3936,0.3947,AUD
2021-01-21,0.3951,0.3958,0.3911,0.3929,AUD
2021-01-22,0.3932,0.3967,0.3925,0.3958,AUD
2021-01-25,0.3956,0.3973,0.393,0.3958,AUD
2021-01-26,0.3958,0.3985,0.3944,0.3954,AUD
2021-01-27,0.3956,0.4002,0.3946,0.3991,AUD
2021-01-28,0.3993,0.4027,0.3955,0.3961,AUD
2021-01-29,0.3966,0.3995,0.3954,0.3986,AUD
2021-02-01,0.3984,0.4015,0.397,0.398,AUD
2021-02-02,0.3983,0.4009,0.3955,0.3981,AUD
2021-02-03,0.3984,0.3989,0.3963,0.3975,AUD
2021-02-04,0.3978,0.4011,0.396,0.3995,AUD
2021-02-05,0.3997,0.4015,0.3959,0.3957,AUD
2021-02-08,0.3971,0.3993,0.3954,0.398,AUD
2021-02-09,0.3985,0.3992,0.3964,0.3969,AUD
2021-02-10,0.3973,0.3983,0.3959,0.397,AUD
2021-02-11,0.3974,0.398,0.3947,0.3967,AUD
2021-02-12,0.397,0.3988,0.396,0.396,AUD
2021-02-15,0.3965,0.3971,0.3947,0.3961,AUD
2021-02-16,0.3964,0.3985,0.395,0.3975,AUD
2021-02-17,0.3978,0.3993,0.3945,0.3945,AUD
2021-02-18,0.3949,0.3955,0.3929,0.393,AUD
2021-02-19,0.3933,0.394,0.3881,0.3882,AUD
2021-02-22,0.3888,0.3892,0.3863,0.3864,AUD
2021-02-23,0.3868,0.3886,0.3855,0.3864,AUD
2021-02-24,0.3867,0.3877,0.3842,0.3844,AUD
2021-02-25,0.3845,0.3864,0.3811,0.3849,AUD
2021-02-26,0.3853,0.3927,0.3847,0.3916,AUD
2021-03-01,0.3916,0.3935,0.3883,0.3892,AUD
2021-03-02,0.3895,0.3917,0.3868,0.3873,AUD
2021-03-03,0.3877,0.3907,0.3868,0.3884,AUD
2021-03-04,0.3888,0.3916,0.386,0.3899,AUD
2021-03-05,0.39,0.395,0.3898,0.3902,AUD
2021-03-08,0.3905,0.3924,0.3885,0.3908,AUD
2021-03-09,0.3908,0.3931,0.389,0.3898,AUD
2021-03-10,0.3899,0.3919,0.3887,0.3892,AUD
2021-03-11,0.3892,0.3908,0.388,0.388,AUD
2021-03-12,0.3884,0.3898,0.3867,0.3872,AUD
2021-03-15,0.3884,0.3919,0.3869,0.3894,AUD
2021-03-16,0.3897,0.3928,0.3892,0.3918,AUD
2021-03-17,0.3922,0.3945,0.3899,0.3898,AUD
2021-03-18,0.3902,0.3919,0.3877,0.3914,AUD
2021-03-19,0.3918,0.3934,0.3903,0.391,AUD
2021-03-22,0.3922,0.3941,0.3905,0.3911,AUD
2021-03-23,0.3913,0.3983,0.3909,0.3975,AUD
2021-03-24,0.398,0.3997,0.3958,0.3978,AUD
2021-03-25,0.3981,0.3988,0.3956,0.3961,AUD
2021-03-26,0.3964,0.3967,0.3926,0.3929,AUD
2021-03-29,0.393,0.394,0.3911,0.3929,AUD
2021-03-30,0.3933,0.3953,0.3916,0.3942,AUD
2021-03-31,0.3946,0.3951,0.3921,0.3937,AUD
2021-04-01,0.3941,0.3976,0.3936,0.3935,AUD
2021-04-02,0.3939,0.3956,0.3928,0.3944,AUD
2021-04-05,0.3947,0.3964,0.3936,0.3946,AUD
2021-04-06,0.3947,0.3976,0.3938,0.3957,AUD
2021-04-07,0.3959,0.4,0.3951,0.3986,AUD
2021-04-08,0.3988,0.3997,0.3971,0.3979,AUD
2021-04-09,0.3982,0.4016,0.3976,0.3981,AUD
2021-04-12,0.3988,0.4,0.3975,0.3979,AUD
2021-04-13,0.3981,0.3997,0.3968,0.3974,AUD
2021-04-14,0.3977,0.398,0.3939,0.3944,AUD
2021-04-15,0.3947,0.3956,0.3926,0.393,AUD
2021-04-16,0.3933,0.3948,0.3927,0.394,AUD
2021-04-19,0.3941,0.396,0.3929,0.3951,AUD
2021-04-20,0.3954,0.3993,0.3929,0.398,AUD
2021-04-21,0.3983,0.3993,0.3944,0.3945,AUD
2021-04-22,0.3949,0.3988,0.3941,0.3979,AUD
2021-04-23,0.3984,0.3988,0.3958,0.3962,AUD
2021-04-26,0.3966,0.3969,0.3948,0.3956,AUD
2021-04-27,0.3961,0.3976,0.3955,0.397,AUD
2021-04-28,0.3973,0.3995,0.3942,0.3945,AUD
2021-04-29,0.3948,0.3973,0.3935,0.3961,AUD
2021-04-30,0.3963,0.4004,0.3955,0.3989,AUD
2021-05-03,0.3991,0.3997,0.3961,0.3961,AUD
2021-05-04,0.3963,0.3994,0.396,0.3974,AUD
2021-05-05,0.3977,0.3978,0.3945,0.3949,AUD
2021-05-06,0.3952,0.3977,0.394,0.3941,AUD
2021-05-07,0.3945,0.3959,0.3912,0.3915,AUD
2021-05-10,0.3918,0.3925,0.3893,0.3914,AUD
2021-05-11,0.3916,0.3924,0.3869,0.3873,AUD
2021-05-12,0.3876,0.3941,0.387,0.3932,AUD
2021-05-13,0.3936,0.3949,0.3921,0.3931,AUD
2021-05-14,0.3935,0.395,0.3919,0.3925,AUD
2021-05-17,0.3925,0.3947,0.3919,0.3924,AUD
2021-05-18,0.3927,0.3951,0.391,0.3938,AUD
2021-05-19,0.3943,0.3965,0.3938,0.3958,AUD
2021-05-20,0.396,0.3967,0.3941,0.3946,AUD
2021-05-21,0.3949,0.3981,0.3947,0.3969,AUD
2021-05-24,0.3968,0.3985,0.3958,0.3966,AUD
2021-05-25,0.3969,0.3987,0.396,0.3978,AUD
2021-05-26,0.398,0.3985,0.3951,0.3972,AUD
2021-05-27,0.3976,0.399,0.3965,0.398,AUD
2021-05-28,0.3984,0.4006,0.3972,0.3985,AUD
2021-05-31,0.3988,0.3995,0.3975,0.3977,AUD
2021-06-01,0.398,0.3995,0.3962,0.3975,AUD
2021-06-02,0.3977,0.3992,0.3967,0.397,AUD
2021-06-03,0.3972,0.4017,0.3967,0.4006,AUD
2021-06-04,0.4009,0.4014,0.3971,0.3973,AUD
2021-06-07,0.3973,0.3982,0.3961,0.3971,AUD
2021-06-08,0.397,0.3988,0.3967,0.398,AUD
2021-06-09,0.3982,0.3994,0.3972,0.3987,AUD
2021-06-10,0.3989,0.3997,0.3971,0.3973,AUD
2021-06-11,0.3975,0.3998,0.3965,0.3984,AUD
2021-06-14,0.3989,0.4,0.3981,0.3992,AUD
2021-06-15,0.3996,0.4021,0.3992,0.4012,AUD
2021-06-16,0.4014,0.4039,0.3996,0.403,AUD
2021-06-17,0.4033,0.4063,0.4012,0.4051,AUD
2021-06-18,0.4051,0.4081,0.4046,0.4076,AUD
2021-06-21,0.3975,0.409,0.3975,0.4058,AUD
2021-06-22,0.4063,0.4091,0.4054,0.4058,AUD
2021-06-23,0.4061,0.408,0.4043,0.4055,AUD
2021-06-24,0.4059,0.4075,0.4044,0.4062,AUD
2021-06-25,0.4067,0.407,0.4038,0.4052,AUD
2021-06-28,0.4054,0.4063,0.4039,0.4054,AUD
2021-06-29,0.4056,0.4093,0.405,0.4086,AUD
2021-06-30,0.4089,0.4103,0.4079,0.4086,AUD
2021-07-01,0.4091,0.4103,0.408,0.4093,AUD
2021-07-02,0.4095,0.4106,0.4057,0.4059,AUD
2021-07-05,0.4069,0.4079,0.4059,0.4067,AUD
2021-07-06,0.407,0.4081,0.4035,0.407,AUD
2021-07-07,0.4072,0.4091,0.406,0.4081,AUD
2021-07-08,0.4084,0.4114,0.4078,0.4101,AUD
2021-07-09,0.4106,0.4117,0.4067,0.407,AUD
2021-07-12,0.4075,0.4091,0.4061,0.4073,AUD
2021-07-13,0.4076,0.4101,0.4059,0.4081,AUD
2021-07-14,0.4087,0.4106,0.4072,0.4092,AUD
2021-07-15,0.4096,0.4121,0.4091,0.4107,AUD
2021-07-16,0.411,0.4119,0.4095,0.4104,AUD
2021-07-19,0.4108,0.4141,0.4099,0.4123,AUD
2021-07-20,0.4126,0.4155,0.4118,0.4138,AUD
2021-07-21,0.4143,0.4168,0.4136,0.4144,AUD
2021-07-22,0.4148,0.4157,0.4131,0.4131,AUD
2021-07-23,0.4135,0.4157,0.4124,0.4145,AUD
2021-07-26,0.4149,0.4176,0.4143,0.4158,AUD
2021-07-27,0.4161,0.4185,0.4155,0.4169,AUD
2021-07-28,0.4173,0.4198,0.416,0.4162,AUD
2021-07-29,0.4171,0.4181,0.4153,0.417,AUD
2021-07-30,0.4173,0.4226,0.4167,0.4214,AUD
2021-08-02,0.4217,0.4227,0.4199,0.421,AUD
2021-08-03,0.4213,0.4232,0.4186,0.4208,AUD
2021-08-04,0.4212,0.4224,0.4189,0.4212,AUD
2021-08-05,0.4216,0.422,0.4197,0.4197,AUD
2021-08-06,0.4202,0.4222,0.4196,0.4212,AUD
2021-08-09,0.4213,0.4238,0.4206,0.4231,AUD
2021-08-10,0.4233,0.4245,0.4211,0.4214,AUD
2021-08-11,0.4214,0.4242,0.4191,0.4196,AUD
2021-08-12,0.4198,0.4234,0.4196,0.4228,AUD
2021-08-13,0.4231,0.4238,0.4212,0.4216,AUD
2021-08-16,0.422,0.4246,0.4215,0.422,AUD
2021-08-17,0.4225,0.4265,0.422,0.4257,AUD
2021-08-18,0.4261,0.4281,0.4249,0.4274,AUD
2021-08-19,0.4277,0.4318,0.4269,0.4305,AUD
2021-08-20,0.4308,0.4341,0.4302,0.4326,AUD
2021-08-23,0.4333,0.4342,0.4291,0.4301,AUD
2021-08-24,0.4303,0.4308,0.4272,0.4279,AUD
2021-08-25,0.4282,0.4296,0.4252,0.4253,AUD
2021-08-26,0.4258,0.4287,0.4254,0.4277,AUD
2021-08-27,0.4283,0.4295,0.4239,0.4243,AUD
2021-08-30,0.4248,0.4267,0.4241,0.4257,AUD
2021-08-31,0.4261,0.4275,0.4237,0.4262,AUD
2021-09-01,0.4265,0.4271,0.4221,0.4229,AUD
2021-09-02,0.4234,0.424,0.4206,0.4212,AUD
2021-09-03,0.4216,0.422,0.4173,0.4182,AUD
2021-09-06,0.4186,0.4208,0.4181,0.4191,AUD
2021-09-07,0.4195,0.4233,0.4179,0.4216,AUD
2021-09-08,0.4222,0.4247,0.4212,0.4232,AUD
2021-09-09,0.4237,0.4252,0.4216,0.4232,AUD
2021-09-10,0.4234,0.4252,0.4217,0.4243,AUD
2021-09-13,0.4248,0.4255,0.4222,0.4225,AUD
2021-09-14,0.4231,0.4261,0.4222,0.4252,AUD
2021-09-15,0.4253,0.4268,0.4247,0.425,AUD
2021-09-16,0.4253,0.4283,0.4246,0.4266,AUD
2021-09-17,0.4268,0.4294,0.4255,0.4288,AUD
2021-09-20,0.4289,0.4316,0.4281,0.4286,AUD
2021-09-21,0.429,0.432,0.4277,0.4311,AUD
2021-09-22,0.4315,0.432,0.4281,0.4307,AUD
2021-09-23,0.4307,0.4323,0.4271,0.4282,AUD
2021-09-24,0.4286,0.432,0.4272,0.4303,AUD
2021-09-27,0.4307,0.4316,0.4281,0.4286,AUD
2021-09-28,0.4287,0.431,0.4273,0.4301,AUD
2021-09-29,0.4298,0.4334,0.4282,0.4325,AUD
2021-09-30,0.4328,0.4331,0.427,0.4287,AUD
2021-10-01,0.4291,0.431,0.4268,0.4277,AUD
2021-10-04,0.4275,0.4287,0.4249,0.4255,AUD
2021-10-05,0.426,0.4275,0.4236,0.424,AUD
2021-10-06,0.4245,0.4272,0.4238,0.4243,AUD
2021-10-07,0.4248,0.4259,0.423,0.4233,AUD
2021-10-08,0.4237,0.4252,0.4218,0.4228,AUD
2021-10-11,0.4229,0.4243,0.4198,0.4212,AUD
2021-10-12,0.4214,0.4229,0.4193,0.4206,AUD
2021-10-13,0.421,0.4224,0.4191,0.4197,AUD
2021-10-14,0.4202,0.4202,0.4176,0.4183,AUD
2021-10-15,0.4186,0.4192,0.4174,0.4177,AUD
2021-10-18,0.4183,0.4207,0.4174,0.419,AUD
2021-10-19,0.4192,0.4194,0.4157,0.416,AUD
2021-10-20,0.4162,0.417,0.4137,0.414,AUD
2021-10-21,0.4143,0.4179,0.4124,0.4171,AUD
2021-10-22,0.4173,0.4184,0.4147,0.4173,AUD
2021-10-25,0.4172,0.418,0.4153,0.4166,AUD
2021-10-26,0.417,0.4175,0.4151,0.4165,AUD
2021-10-27,0.4169,0.4185,0.4147,0.4168,AUD
2021-10-28,0.4171,0.4202,0.4165,0.4183,AUD
2021-10-29,0.4188,0.4222,0.418,0.42,AUD
2021-11-01,0.4212,0.4274,0.4203,0.426,AUD
2021-11-02,0.4264,0.4319,0.4258,0.4286,AUD
2021-11-03,0.4292,0.4327,0.4276,0.4305,AUD
2021-11-04,0.4308,0.4357,0.4293,0.4341,AUD
2021-11-05,0.4347,0.4364,0.4334,0.4339,AUD
2021-11-08,0.4347,0.4378,0.4322,0.4325,AUD
2021-11-09,0.4328,0.4371,0.4325,0.4356,AUD
2021-11-10,0.436,0.4384,0.4347,0.4372,AUD
2021-11-11,0.4377,0.4405,0.4367,0.4394,AUD
2021-11-12,0.4395,0.441,0.4384,0.4384,AUD
2021-11-15,0.4388,0.4396,0.4369,0.4382,AUD
2021-11-16,0.4386,0.4434,0.4373,0.4419,AUD
2021-11-17,0.4424,0.452,0.4419,0.447,AUD
2021-11-18,0.4472,0.4483,0.4436,0.445,AUD
2021-11-19,0.4452,0.4472,0.4442,0.4461,AUD
2021-11-22,0.4464,0.4488,0.4446,0.4473,AUD
2021-11-23,0.4478,0.449,0.44,0.4408,AUD
2021-11-24,0.4414,0.4432,0.4355,0.441,AUD
2021-11-25,0.4414,0.4437,0.4393,0.4396,AUD
2021-11-26,0.44,0.4435,0.4387,0.4391,AUD
2021-11-29,0.4402,0.4444,0.4381,0.4428,AUD
2021-11-30,0.4431,0.4494,0.4418,0.4447,AUD
2021-12-01,0.4454,0.4463,0.4423,0.4446,AUD
2021-12-02,0.4449,0.4465,0.4433,0.445,AUD
2021-12-03,0.4455,0.4522,0.4445,0.4513,AUD
2021-12-06,0.452,0.4521,0.4473,0.4477,AUD
2021-12-07,0.4479,0.4499,0.4455,0.4483,AUD
2021-12-08,0.4487,0.4518,0.4472,0.4496,AUD
2021-12-09,0.45,0.4518,0.4478,0.4507,AUD
2021-12-10,0.451,0.4522,0.4487,0.4491,AUD
2021-12-13,0.4513,0.4525,0.4491,0.4499,AUD
2021-12-14,0.4506,0.4529,0.4469,0.4482,AUD
2021-12-15,0.4486,0.4497,0.4453,0.4468,AUD
2021-12-16,0.447,0.4504,0.4448,0.4484,AUD
2021-12-17,0.4488,0.4514,0.4452,0.4486,AUD
2021-12-20,0.4482,0.4504,0.4426,0.4433,AUD
2021-12-21,0.4437,0.4462,0.4414,0.4411,AUD
2021-12-22,0.4418,0.4444,0.4374,0.4378,AUD
2021-12-23,0.4382,0.4395,0.4372,0.4375,AUD
2021-12-24,0.4379,0.4397,0.4369,0.4386,AUD
2021-12-27,0.4393,0.4444,0.4378,0.4433,AUD
2021-12-28,0.4439,0.4469,0.4416,0.4456,AUD
2021-12-29,0.446,0.4468,0.4401,0.4416,AUD
2021-12-30,0.4413,0.4444,0.4406,0.4438,AUD
2021-12-31,0.444,0.4452,0.4415,0.4428,AUD
2022-01-03,0.444,0.4486,0.4423,0.4465,AUD
2022-01-04,0.4468,0.4499,0.4453,0.4473,AUD
2022-01-05,0.4476,0.4488,0.444,0.4459,AUD
2022-01-06,0.4461,0.4495,0.4459,0.4484,AUD
2022-01-07,0.449,0.451,0.4473,0.4477,AUD
2022-01-10,0.4488,0.449,0.4433,0.4442,AUD
2022-01-11,0.445,0.4471,0.4434,0.4462,AUD
2022-01-12,0.4464,0.4467,0.4403,0.4409,AUD
2022-01-13,0.4413,0.4424,0.4384,0.4404,AUD
2022-01-14,0.4409,0.4471,0.44,0.4462,AUD
2022-01-17,0.4462,0.4475,0.4446,0.4452,AUD
2022-01-18,0.4459,0.448,0.4437,0.444,AUD
2022-01-19,0.4444,0.4451,0.4405,0.4417,AUD
2022-01-20,0.4422,0.4425,0.4386,0.4409,AUD
2022-01-21,0.4411,0.4441,0.4408,0.442,AUD
2022-01-24,0.4429,0.4442,0.4409,0.4423,AUD
2022-01-25,0.4428,0.444,0.4387,0.4402,AUD
2022-01-26,0.4407,0.4429,0.4371,0.4413,AUD
2022-01-27,0.4417,0.446,0.4408,0.4445,AUD
2022-01-28,0.4449,0.4489,0.4439,0.4469,AUD
2022-01-31,0.4461,0.448,0.4431,0.4458,AUD
2022-02-01,0.4462,0.4486,0.4424,0.4427,AUD
2022-02-02,0.4432,0.4448,0.4412,0.4415,AUD
2022-02-03,0.4421,0.4432,0.4375,0.4388,AUD
2022-02-04,0.4391,0.4424,0.4382,0.4402,AUD
2022-02-07,0.4409,0.4416,0.4391,0.4391,AUD
2022-02-08,0.4395,0.4406,0.4347,0.4349,AUD
2022-02-09,0.4353,0.4365,0.432,0.434,AUD
2022-02-10,0.4342,0.4355,0.4279,0.4315,AUD
2022-02-11,0.432,0.4359,0.4289,0.4313,AUD
2022-02-14,0.4318,0.4343,0.4292,0.4301,AUD
2022-02-15,0.4305,0.436,0.4293,0.4345,AUD
2022-02-16,0.4349,0.4385,0.4338,0.4354,AUD
2022-02-17,0.4357,0.4386,0.4322,0.4329,AUD
2022-02-18,0.4334,0.4359,0.432,0.4349,AUD
2022-02-21,0.4355,0.436,0.4298,0.4322,AUD
2022-02-22,0.4326,0.4337,0.4272,0.4291,AUD
2022-02-23,0.4293,0.4295,0.4255,0.427,AUD
2022-02-24,0.4273,0.4315,0.4233,0.4298,AUD
2022-02-25,0.4303,0.4317,0.4255,0.4276,AUD
2022-02-28,0.4312,0.433,0.4251,0.4286,AUD
2022-03-01,0.4293,0.4305,0.4245,0.4274,AUD
2022-03-02,0.4279,0.4281,0.4232,0.425,AUD
2022-03-03,0.4253,0.4265,0.4192,0.4197,AUD
2022-03-04,0.4201,0.4223,0.4129,0.4138,AUD
2022-03-07,0.4143,0.4166,0.4096,0.4154,AUD
2022-03-08,0.4159,0.4192,0.414,0.4169,AUD
2022-03-09,0.4174,0.4202,0.4141,0.4185,AUD
2022-03-10,0.419,0.4215,0.415,0.4156,AUD
2022-03-11,0.4164,0.4222,0.4155,0.4213,AUD
2022-03-14,0.4217,0.4245,0.42,0.4237,AUD
2022-03-15,0.4239,0.4258,0.4212,0.4243,AUD
2022-03-16,0.4246,0.4256,0.4207,0.4219,AUD
2022-03-17,0.422,0.4222,0.4181,0.4185,AUD
2022-03-18,0.4192,0.4196,0.4153,0.4153,AUD
2022-03-21,0.4166,0.42,0.4153,0.419,AUD
2022-03-22,0.4194,0.4216,0.4159,0.4162,AUD
2022-03-23,0.4164,0.4178,0.4129,0.4132,AUD
2022-03-24,0.4138,0.416,0.4108,0.4127,AUD
2022-03-25,0.4134,0.4151,0.4117,0.4135,AUD
2022-03-28,0.4138,0.4162,0.4109,0.4142,AUD
2022-03-29,0.4145,0.4198,0.4128,0.4166,AUD
2022-03-30,0.417,0.4196,0.4159,0.4187,AUD
2022-03-31,0.4189,0.4225,0.4165,0.4186,AUD
2022-04-01,0.4187,0.4199,0.4152,0.4159,AUD
2022-04-04,0.4167,0.4172,0.4123,0.4129,AUD
2022-04-05,0.413,0.4135,0.4071,0.4095,AUD
2022-04-06,0.4099,0.4129,0.4078,0.4111,AUD
2022-04-07,0.4114,0.4154,0.4109,0.4137,AUD
2022-04-08,0.4142,0.418,0.4126,0.4161,AUD
2022-04-11,0.4169,0.4201,0.4153,0.419,AUD
2022-04-12,0.4193,0.4209,0.416,0.4182,AUD
2022-04-13,0.4185,0.4212,0.4171,0.4184,AUD
2022-04-14,0.4191,0.4203,0.4178,0.4183,AUD
2022-04-15,0.4189,0.4211,0.4179,0.419,AUD
2022-04-18,0.4195,0.4225,0.4184,0.4199,AUD
2022-04-19,0.4205,0.4209,0.4172,0.4191,AUD
2022-04-20,0.4193,0.4194,0.4154,0.4164,AUD
2022-04-21,0.4168,0.4187,0.4158,0.4172,AUD
2022-04-22,0.4178,0.4232,0.4175,0.4218,AUD
2022-04-25,0.4204,0.4279,0.4204,0.4239,AUD
2022-04-26,0.4243,0.4261,0.4203,0.4249,AUD
2022-04-27,0.4253,0.4254,0.4205,0.4231,AUD
2022-04-28,0.4235,0.4271,0.4208,0.4238,AUD
2022-04-29,0.4244,0.4244,0.4185,0.4233,AUD
2022-05-02,0.423,0.4254,0.4208,0.4216,AUD
2022-05-03,0.422,0.4227,0.4155,0.421,AUD
2022-05-04,0.4215,0.4216,0.4088,0.4107,AUD
2022-05-05,0.411,0.4138,0.4077,0.411,AUD
2022-05-06,0.4114,0.4169,0.4099,0.4147,AUD
2022-05-09,0.4153,0.4198,0.4136,0.418,AUD
2022-05-10,0.4184,0.4212,0.4131,0.417,AUD
2022-05-11,0.4174,0.4201,0.4131,0.4181,AUD
2022-05-12,0.4186,0.425,0.4172,0.4231,AUD
2022-05-13,0.4236,0.4266,0.421,0.423,AUD
2022-05-16,0.4241,0.4276,0.4218,0.4231,AUD
2022-05-17,0.4234,0.4272,0.421,0.4243,AUD
2022-05-18,0.4248,0.4271,0.4227,0.4237,AUD
2022-05-19,0.424,0.4242,0.4182,0.4211,AUD
2022-05-20,0.4216,0.4249,0.4203,0.4222,AUD
2022-05-23,0.4217,0.4229,0.4179,0.4211,AUD
2022-05-24,0.4213,0.4236,0.4189,0.419,AUD
2022-05-25,0.4196,0.424,0.4185,0.4211,AUD
2022-05-26,0.422,0.4243,0.4177,0.4201,AUD
2022-05-27,0.4207,0.4211,0.4157,0.4166,AUD
2022-05-30,0.4172,0.4205,0.415,0.4159,AUD
2022-05-31,0.4162,0.4203,0.415,0.4185,AUD
2022-06-01,0.419,0.4209,0.4147,0.4161,AUD
2022-06-02,0.4165,0.4181,0.4133,0.4134,AUD
2022-06-03,0.4137,0.4166,0.4123,0.4158,AUD
2022-06-06,0.416,0.4192,0.4149,0.4164,AUD
2022-06-07,0.4169,0.4189,0.4129,0.4134,AUD
2022-06-08,0.4138,0.4179,0.413,0.4168,AUD
2022-06-09,0.4168,0.4197,0.4167,0.4187,AUD
2022-06-10,0.419,0.4198,0.4147,0.4176,AUD
2022-06-13,0.4178,0.4209,0.4144,0.4159,AUD
2022-06-14,0.4166,0.4218,0.414,0.4196,AUD
2022-06-15,0.4196,0.4204,0.414,0.4143,AUD
2022-06-16,0.4143,0.4171,0.4096,0.4102,AUD
